id_do_caso,status_do_caso
EZYV22339,1
EZYV9333,1
EZYV9740,1
EZYV3328,1
EZYV12321,1
EZYV16736,0
EZYV15275,1
EZYV22597,1
EZYV18768,1
EZYV19412,1
EZYV13389,1
EZYV24472,0
EZYV18823,1
EZYV6933,1
EZYV8834,1
EZYV4553,1
EZYV16729,1
EZYV3645,1
EZYV16370,0
EZYV6220,1
EZYV1649,0
EZYV6547,0
EZYV10558,1
EZYV16994,1
EZYV1795,1
EZYV16571,0
EZYV20063,1
EZYV7455,1
EZYV3293,1
EZYV7347,1
EZYV5039,1
EZYV3428,1
EZYV5930,1
EZYV22014,0
EZYV9956,1
EZYV16181,1
EZYV7430,1
EZYV11056,0
EZYV11626,1
EZYV1783,1
EZYV11629,1
EZYV8626,1
EZYV2166,1
EZYV15483,1
EZYV13418,1
EZYV21238,1
EZYV13021,1
EZYV15034,1
EZYV15217,1
EZYV15850,1
EZYV21939,1
EZYV24747,1
EZYV13928,1
EZYV20251,1
EZYV8856,1
EZYV24501,1
EZYV23886,1
EZYV9968,1
EZYV4687,1
EZYV18372,1
EZYV13489,0
EZYV11268,1
EZYV11760,0
EZYV13732,0
EZYV20849,1
EZYV12764,0
EZYV2381,1
EZYV4709,1
EZYV20524,1
EZYV22889,0
EZYV6044,1
EZYV24486,1
EZYV20261,1
EZYV6242,1
EZYV356,0
EZYV16385,1
EZYV8987,1
EZYV4967,1
EZYV8077,1
EZYV13992,0
EZYV3188,1
EZYV1139,0
EZYV8159,1
EZYV24163,1
EZYV17611,1
EZYV2880,1
EZYV18472,1
EZYV16506,0
EZYV13106,1
EZYV5311,0
EZYV20799,1
EZYV5491,1
EZYV7848,1
EZYV15330,1
EZYV4835,0
EZYV8599,1
EZYV6096,1
EZYV606,1
EZYV6724,0
EZYV13103,0
EZYV2029,1
EZYV15336,0
EZYV24676,1
EZYV13847,1
EZYV21662,1
EZYV12901,1
EZYV10921,1
EZYV10091,1
EZYV15372,0
EZYV397,0
EZYV9714,0
EZYV69,1
EZYV23033,1
EZYV6650,1
EZYV21081,1
EZYV17187,1
EZYV18963,1
EZYV14940,1
EZYV24271,1
EZYV2009,1
EZYV5908,1
EZYV1962,0
EZYV3516,1
EZYV6941,1
EZYV11076,1
EZYV14898,1
EZYV7466,1
EZYV20544,1
EZYV6036,1
EZYV25344,1
EZYV913,1
EZYV12995,1
EZYV5738,1
EZYV688,1
EZYV11887,1
EZYV3530,1
EZYV766,1
EZYV10428,1
EZYV1370,1
EZYV8723,0
EZYV23890,1
EZYV14505,1
EZYV4828,1
EZYV11753,1
EZYV6229,1
EZYV16678,1
EZYV19523,1
EZYV21564,0
EZYV8207,1
EZYV24508,0
EZYV824,0
EZYV10093,1
EZYV19092,1
EZYV10330,1
EZYV11334,1
EZYV20286,1
EZYV3285,0
EZYV6513,0
EZYV22084,1
EZYV7307,1
EZYV20606,1
EZYV9394,1
EZYV17005,1
EZYV3658,1
EZYV12440,0
EZYV21223,1
EZYV9492,1
EZYV22758,0
EZYV24391,1
EZYV192,1
EZYV669,1
EZYV14398,1
EZYV12305,1
EZYV7382,1
EZYV24996,0
EZYV1369,1
EZYV12218,1
EZYV24858,0
EZYV22192,1
EZYV22776,1
EZYV19767,1
EZYV9369,0
EZYV11089,1
EZYV15395,1
EZYV16616,1
EZYV11671,1
EZYV8444,1
EZYV3407,1
EZYV16981,1
EZYV15100,1
EZYV16109,1
EZYV5021,0
EZYV8357,1
EZYV13865,1
EZYV10227,1
EZYV12241,1
EZYV16396,1
EZYV18225,1
EZYV4526,1
EZYV7200,0
EZYV11064,1
EZYV2776,1
EZYV3765,1
EZYV17261,1
EZYV2834,0
EZYV14679,0
EZYV7929,1
EZYV8274,1
EZYV906,1
EZYV23089,1
EZYV16671,1
EZYV14150,0
EZYV21563,1
EZYV6014,1
EZYV5867,1
EZYV19042,1
EZYV15434,1
EZYV10797,1
EZYV19845,1
EZYV2563,1
EZYV20031,1
EZYV20681,1
EZYV16414,1
EZYV14616,1
EZYV5920,1
EZYV19425,1
EZYV21165,1
EZYV14819,0
EZYV4200,1
EZYV14736,1
EZYV19031,0
EZYV11405,1
EZYV16020,0
EZYV22845,1
EZYV7150,0
EZYV13874,0
EZYV6591,1
EZYV21658,1
EZYV8504,1
EZYV7717,0
EZYV1922,1
EZYV3545,1
EZYV6590,1
EZYV6949,1
EZYV3035,1
EZYV24305,0
EZYV12004,1
EZYV8875,1
EZYV747,1
EZYV6437,1
EZYV12546,1
EZYV6324,1
EZYV17050,0
EZYV14935,1
EZYV12778,0
EZYV500,1
EZYV1531,1
EZYV14849,1
EZYV03,0
EZYV12036,1
EZYV8108,1
EZYV3644,1
EZYV24919,1
EZYV480,1
EZYV3665,1
EZYV19027,1
EZYV12354,0
EZYV25387,0
EZYV14122,1
EZYV15640,1
EZYV19487,1
EZYV6138,1
EZYV21501,1
EZYV3185,1
EZYV9648,1
EZYV9334,1
EZYV21136,1
EZYV2495,0
EZYV6175,0
EZYV23924,1
EZYV11764,1
EZYV12647,1
EZYV3262,0
EZYV19148,1
EZYV13086,1
EZYV24599,1
EZYV20631,1
EZYV13297,1
EZYV7809,1
EZYV19500,0
EZYV23362,1
EZYV17341,1
EZYV23998,1
EZYV6530,1
EZYV17146,1
EZYV7033,1
EZYV9716,1
EZYV25399,1
EZYV2581,1
EZYV20748,1
EZYV12360,1
EZYV24904,1
EZYV7272,1
EZYV15628,0
EZYV9004,1
EZYV14198,0
EZYV16398,1
EZYV7225,1
EZYV8579,1
EZYV2791,1
EZYV9669,1
EZYV17348,0
EZYV2484,1
EZYV3547,1
EZYV14223,1
EZYV8145,0
EZYV18132,1
EZYV5812,1
EZYV821,1
EZYV12761,0
EZYV22331,1
EZYV20139,1
EZYV19339,1
EZYV18336,0
EZYV10743,0
EZYV20504,1
EZYV15266,0
EZYV16508,0
EZYV19644,1
EZYV6051,1
EZYV21980,1
EZYV18804,1
EZYV13930,1
EZYV4402,1
EZYV18683,1
EZYV22898,1
EZYV21448,1
EZYV21132,0
EZYV8809,1
EZYV1435,1
EZYV21841,1
EZYV11241,1
EZYV3985,0
EZYV10425,1
EZYV10724,0
EZYV2635,0
EZYV10670,0
EZYV12485,0
EZYV18694,1
EZYV1814,1
EZYV23750,1
EZYV14960,1
EZYV24015,0
EZYV3548,1
EZYV9761,1
EZYV19068,1
EZYV19722,1
EZYV21009,1
EZYV23449,1
EZYV18424,1
EZYV6995,1
EZYV12673,1
EZYV4535,1
EZYV23357,1
EZYV6453,1
EZYV11820,1
EZYV13384,1
EZYV21428,1
EZYV22873,1
EZYV10438,1
EZYV19680,1
EZYV17617,1
EZYV25053,0
EZYV10193,1
EZYV17635,1
EZYV12439,1
EZYV10305,1
EZYV20277,1
EZYV21703,1
EZYV11351,1
EZYV12691,1
EZYV12450,1
EZYV6466,1
EZYV23435,0
EZYV11234,1
EZYV13628,1
EZYV4579,1
EZYV9433,1
EZYV3983,1
EZYV6135,1
EZYV7901,1
EZYV1466,1
EZYV23586,1
EZYV13987,1
EZYV5946,0
EZYV13218,1
EZYV20874,1
EZYV5652,1
EZYV14698,1
EZYV6577,1
EZYV11710,0
EZYV11812,0
EZYV2583,1
EZYV19384,1
EZYV6700,1
EZYV23279,0
EZYV24744,1
EZYV25,1
EZYV10337,1
EZYV20603,1
EZYV5381,1
EZYV23433,1
EZYV4611,1
EZYV872,1
EZYV24650,1
EZYV3536,1
EZYV24845,1
EZYV17607,0
EZYV15579,1
EZYV5038,1
EZYV2078,0
EZYV25102,1
EZYV12641,1
EZYV3004,1
EZYV18478,1
EZYV15653,1
EZYV23114,1
EZYV8281,1
EZYV10120,0
EZYV1842,1
EZYV17964,1
EZYV9430,1
EZYV25363,1
EZYV11799,1
EZYV15802,1
EZYV18660,1
EZYV9928,0
EZYV2450,1
EZYV18620,1
EZYV21722,1
EZYV21284,1
EZYV12457,1
EZYV22637,1
EZYV17365,0
EZYV6110,1
EZYV20150,0
EZYV5508,1
EZYV12122,1
EZYV6977,1
EZYV14078,1
EZYV8617,1
EZYV16102,0
EZYV1404,1
EZYV2299,1
EZYV23264,1
EZYV4133,1
EZYV10808,1
EZYV25385,1
EZYV8006,1
EZYV10915,1
EZYV15724,1
EZYV19290,1
EZYV21299,1
EZYV11094,1
EZYV22595,1
EZYV20786,1
EZYV2135,1
EZYV1276,1
EZYV4465,1
EZYV15013,1
EZYV15175,0
EZYV5978,1
EZYV8193,0
EZYV7831,1
EZYV14368,0
EZYV10029,1
EZYV3455,1
EZYV19517,1
EZYV17863,0
EZYV15505,0
EZYV7356,1
EZYV3886,1
EZYV1325,1
EZYV5536,1
EZYV14420,1
EZYV6866,1
EZYV23537,0
EZYV7740,1
EZYV22740,1
EZYV23104,1
EZYV13805,1
EZYV23548,1
EZYV21565,1
EZYV19623,1
EZYV488,0
EZYV9678,1
EZYV10053,1
EZYV24610,1
EZYV21383,1
EZYV15782,1
EZYV13056,1
EZYV24639,1
EZYV20830,1
EZYV15325,1
EZYV6985,1
EZYV16764,1
EZYV21651,1
EZYV4744,1
EZYV3169,1
EZYV23259,0
EZYV14969,1
EZYV9705,0
EZYV18340,1
EZYV414,1
EZYV7448,0
EZYV4121,1
EZYV23389,0
EZYV22194,0
EZYV24794,1
EZYV3575,1
EZYV4514,1
EZYV24542,1
EZYV10126,1
EZYV19951,1
EZYV5604,0
EZYV4692,1
EZYV21557,1
EZYV5713,1
EZYV3527,1
EZYV16029,0
EZYV20326,1
EZYV14284,1
EZYV21528,1
EZYV14707,0
EZYV18602,1
EZYV21924,1
EZYV5265,1
EZYV14663,1
EZYV18463,0
EZYV3087,1
EZYV11701,1
EZYV20231,0
EZYV18913,1
EZYV14636,1
EZYV7556,0
EZYV21598,1
EZYV18202,1
EZYV14859,1
EZYV3166,1
EZYV21581,1
EZYV2049,1
EZYV7637,0
EZYV23730,1
EZYV8447,1
EZYV5551,1
EZYV1708,1
EZYV11860,1
EZYV18265,1
EZYV9809,1
EZYV552,1
EZYV3171,1
EZYV3453,1
EZYV21766,1
EZYV13933,1
EZYV19601,1
EZYV4097,1
EZYV8978,1
EZYV19371,1
EZYV19844,1
EZYV7821,1
EZYV17388,0
EZYV15695,1
EZYV16502,1
EZYV429,1
EZYV5587,1
EZYV13841,1
EZYV14521,1
EZYV12971,1
EZYV3369,1
EZYV2097,1
EZYV12051,1
EZYV15809,1
EZYV11756,1
EZYV1326,1
EZYV5663,0
EZYV24020,1
EZYV20485,1
EZYV14188,1
EZYV2913,1
EZYV746,1
EZYV19303,0
EZYV14330,1
EZYV25006,1
EZYV6602,1
EZYV12346,1
EZYV1776,1
EZYV7116,1
EZYV4659,0
EZYV7850,1
EZYV13651,0
EZYV2056,0
EZYV9161,1
EZYV373,1
EZYV4908,1
EZYV14557,1
EZYV106,1
EZYV16989,0
EZYV17920,1
EZYV19161,0
EZYV17711,1
EZYV7598,1
EZYV13725,1
EZYV11838,0
EZYV23097,1
EZYV3359,1
EZYV10426,1
EZYV16343,1
EZYV22543,1
EZYV13961,1
EZYV15992,1
EZYV4135,1
EZYV2379,1
EZYV15301,0
EZYV15773,1
EZYV7948,1
EZYV11130,1
EZYV16954,1
EZYV16984,0
EZYV4250,1
EZYV19055,1
EZYV13464,1
EZYV21747,1
EZYV11476,1
EZYV10012,0
EZYV21754,1
EZYV16167,1
EZYV891,1
EZYV16932,1
EZYV18249,1
EZYV19029,1
EZYV6579,1
EZYV5509,1
EZYV19275,0
EZYV8866,1
EZYV2644,1
EZYV2134,1
EZYV22929,1
EZYV9780,1
EZYV319,0
EZYV6305,0
EZYV25260,1
EZYV1991,1
EZYV17907,1
EZYV15391,1
EZYV9144,0
EZYV3670,0
EZYV17739,1
EZYV8192,1
EZYV23058,0
EZYV16690,1
EZYV20587,1
EZYV24082,1
EZYV2889,0
EZYV16531,1
EZYV12750,1
EZYV15416,1
EZYV19255,1
EZYV13231,1
EZYV3507,1
EZYV17889,1
EZYV3503,1
EZYV14120,0
EZYV9560,1
EZYV6456,1
EZYV1256,1
EZYV22745,0
EZYV7085,1
EZYV11259,1
EZYV22563,1
EZYV20812,1
EZYV4664,1
EZYV4854,1
EZYV20649,1
EZYV25455,1
EZYV841,1
EZYV509,1
EZYV22235,1
EZYV15503,1
EZYV13619,1
EZYV21271,1
EZYV13853,1
EZYV22277,1
EZYV5106,1
EZYV4820,1
EZYV13291,1
EZYV18788,1
EZYV4256,0
EZYV16809,0
EZYV18846,1
EZYV4378,0
EZYV12060,1
EZYV6811,0
EZYV22239,0
EZYV3183,1
EZYV21751,1
EZYV16933,1
EZYV16008,0
EZYV12499,1
EZYV3013,1
EZYV17814,1
EZYV21551,1
EZYV18674,1
EZYV6691,1
EZYV10538,1
EZYV9926,1
EZYV18154,0
EZYV7537,1
EZYV14676,1
EZYV2272,1
EZYV121,1
EZYV20714,1
EZYV18546,0
EZYV24199,1
EZYV18350,1
EZYV1453,1
EZYV4548,1
EZYV24853,0
EZYV12604,1
EZYV581,1
EZYV13473,1
EZYV1511,1
EZYV8315,1
EZYV24655,1
EZYV5672,1
EZYV18663,1
EZYV20213,1
EZYV12326,0
EZYV15402,1
EZYV18635,1
EZYV13264,1
EZYV22282,1
EZYV104,1
EZYV15290,1
EZYV23518,1
EZYV2974,1
EZYV5894,0
EZYV10176,1
EZYV12865,1
EZYV7068,1
EZYV10699,1
EZYV16556,1
EZYV582,0
EZYV20850,1
EZYV5770,1
EZYV11668,1
EZYV16550,1
EZYV19052,1
EZYV13599,1
EZYV10278,0
EZYV6649,1
EZYV12275,1
EZYV18409,1
EZYV18987,0
EZYV4957,1
EZYV17623,1
EZYV3846,1
EZYV16912,1
EZYV12127,0
EZYV18762,1
EZYV19153,1
EZYV5743,1
EZYV13186,1
EZYV5094,0
EZYV9125,1
EZYV5982,1
EZYV2304,1
EZYV3722,1
EZYV6523,1
EZYV11852,1
EZYV7050,1
EZYV14656,1
EZYV5654,0
EZYV11809,1
EZYV266,1
EZYV22111,1
EZYV3569,1
EZYV17691,1
EZYV24310,1
EZYV24180,1
EZYV9216,1
EZYV19123,1
EZYV3618,1
EZYV11099,1
EZYV19977,1
EZYV15524,1
EZYV20404,1
EZYV21741,1
EZYV24178,0
EZYV17892,1
EZYV7788,1
EZYV19335,1
EZYV1592,1
EZYV5057,0
EZYV23879,1
EZYV97,1
EZYV21154,1
EZYV23166,1
EZYV9133,1
EZYV5919,0
EZYV12595,1
EZYV19887,1
EZYV20408,1
EZYV20433,1
EZYV12629,1
EZYV22138,1
EZYV920,1
EZYV10768,1
EZYV19159,1
EZYV20209,0
EZYV14673,1
EZYV11298,0
EZYV12966,1
EZYV12554,1
EZYV1005,1
EZYV3759,1
EZYV4082,1
EZYV19797,1
EZYV25299,1
EZYV3999,1
EZYV19855,1
EZYV7081,1
EZYV23667,1
EZYV12205,1
EZYV18899,1
EZYV1500,1
EZYV7289,1
EZYV8273,1
EZYV17302,0
EZYV7756,1
EZYV7229,1
EZYV15768,1
EZYV22442,1
EZYV7110,0
EZYV18845,1
EZYV6379,1
EZYV1973,1
EZYV14245,1
EZYV11479,1
EZYV4015,1
EZYV14277,1
EZYV10546,1
EZYV19541,1
EZYV20568,1
EZYV17436,1
EZYV1741,1
EZYV16536,0
EZYV19538,1
EZYV8551,1
EZYV10413,1
EZYV22729,1
EZYV2629,0
EZYV25406,1
EZYV23172,1
EZYV18838,1
EZYV2680,1
EZYV24926,1
EZYV22459,1
EZYV17331,1
EZYV4920,1
EZYV5644,1
EZYV19100,1
EZYV1049,1
EZYV8675,1
EZYV12164,1
EZYV8365,0
EZYV4016,1
EZYV12246,1
EZYV6651,1
EZYV10078,0
EZYV7530,0
EZYV18309,1
EZYV4106,1
EZYV11811,1
EZYV6310,1
EZYV17372,1
EZYV17260,1
EZYV10355,1
EZYV25248,1
EZYV20077,1
EZYV1065,1
EZYV21770,0
EZYV24360,1
EZYV17501,1
EZYV3040,1
EZYV24635,1
EZYV18335,1
EZYV8983,1
EZYV4498,1
EZYV19737,1
EZYV16688,1
EZYV5955,1
EZYV24917,0
EZYV3388,1
EZYV11748,1
EZYV6344,1
EZYV25164,1
EZYV19633,1
EZYV22825,1
EZYV54,1
EZYV22126,0
EZYV17516,1
EZYV16992,1
EZYV3161,0
EZYV627,1
EZYV24333,0
EZYV12900,0
EZYV9306,1
EZYV11378,1
EZYV9214,0
EZYV18108,1
EZYV17485,1
EZYV19930,1
EZYV17732,0
EZYV23569,1
EZYV19710,1
EZYV18924,1
EZYV7990,1
EZYV10139,1
EZYV18512,1
EZYV7969,0
EZYV2994,1
EZYV1729,1
EZYV21629,1
EZYV14909,1
EZYV179,1
EZYV14303,1
EZYV12261,1
EZYV12058,1
EZYV12230,1
EZYV10445,1
EZYV7528,1
EZYV6830,1
EZYV23162,1
EZYV10729,1
EZYV19087,1
EZYV23743,1
EZYV15177,1
EZYV4242,0
EZYV17888,1
EZYV3688,0
EZYV6930,1
EZYV13550,1
EZYV18487,1
EZYV15030,1
EZYV14346,1
EZYV24819,0
EZYV2168,1
EZYV2007,1
EZYV1744,1
EZYV2268,1
EZYV19062,1
EZYV8252,1
EZYV18952,1
EZYV4352,0
EZYV18735,1
EZYV20651,1
EZYV8099,1
EZYV22942,1
EZYV24358,1
EZYV12120,1
EZYV11225,1
EZYV17797,1
EZYV20160,1
EZYV14254,1
EZYV11631,1
EZYV23021,0
EZYV15104,0
EZYV1272,0
EZYV11442,1
EZYV22890,0
EZYV21995,1
EZYV23544,0
EZYV5517,0
EZYV23963,1
EZYV1239,1
EZYV11953,1
EZYV15263,1
EZYV14219,1
EZYV12885,1
EZYV6992,1
EZYV21440,1
EZYV24135,0
EZYV2041,1
EZYV11662,1
EZYV2951,1
EZYV8633,1
EZYV23287,0
EZYV823,1
EZYV20430,1
EZYV12788,1
EZYV22172,1
EZYV24096,1
EZYV12448,1
EZYV6178,1
EZYV20996,1
EZYV23245,1
EZYV15114,1
EZYV11263,1
EZYV3242,1
EZYV681,1
EZYV3650,1
EZYV19002,1
EZYV12149,1
EZYV19910,1
EZYV3376,1
EZYV9285,1
EZYV5848,1
EZYV16886,1
EZYV10427,1
EZYV18900,1
EZYV2883,1
EZYV12015,1
EZYV16406,1
EZYV23142,0
EZYV22271,1
EZYV679,1
EZYV18596,1
EZYV10155,1
EZYV5841,1
EZYV18175,1
EZYV18542,1
EZYV9997,1
EZYV12380,1
EZYV21604,1
EZYV5732,1
EZYV15676,1
EZYV92,0
EZYV10578,1
EZYV13553,1
EZYV18169,1
EZYV13714,1
EZYV17999,1
EZYV8007,1
EZYV20463,1
EZYV15832,1
EZYV21499,1
EZYV11121,1
EZYV16058,1
EZYV18471,0
EZYV14427,1
EZYV6140,1
EZYV18427,1
EZYV3731,1
EZYV3098,1
EZYV550,0
EZYV2782,0
EZYV15935,1
EZYV11390,1
EZYV10723,1
EZYV6507,1
EZYV3694,1
EZYV21970,1
EZYV20438,0
EZYV12502,1
EZYV12243,1
EZYV11025,1
EZYV4364,1
EZYV6604,1
EZYV2818,1
EZYV5601,1
EZYV10952,0
EZYV3228,1
EZYV5223,1
EZYV15094,1
EZYV4100,1
EZYV13812,1
EZYV23861,1
EZYV20061,1
EZYV6193,1
EZYV24129,1
EZYV8817,1
EZYV22355,1
EZYV16062,1
EZYV24168,1
EZYV771,1
EZYV2723,0
EZYV21463,1
EZYV16123,1
EZYV19864,1
EZYV2222,1
EZYV23932,1
EZYV7962,1
EZYV9183,1
EZYV17552,1
EZYV2239,1
EZYV19381,1
EZYV6598,1
EZYV20152,1
EZYV4421,0
EZYV8684,1
EZYV21161,1
EZYV10083,1
EZYV9421,1
EZYV16486,1
EZYV25189,1
EZYV14053,1
EZYV8141,1
EZYV11677,1
EZYV14644,1
EZYV9398,0
EZYV9267,1
EZYV4035,1
EZYV13440,1
EZYV255,1
EZYV23528,1
EZYV16161,1
EZYV1297,1
EZYV18646,1
EZYV24402,1
EZYV14652,1
EZYV10080,1
EZYV4332,1
EZYV24471,1
EZYV7495,1
EZYV16520,1
EZYV7951,1
EZYV17186,1
EZYV3271,1
EZYV4934,1
EZYV5709,1
EZYV22909,1
EZYV13612,1
EZYV17720,0
EZYV21241,0
EZYV19191,1
EZYV8389,1
EZYV17730,0
EZYV1199,0
EZYV7443,0
EZYV4280,1
EZYV6606,1
EZYV16041,0
EZYV21864,1
EZYV3850,1
EZYV9215,1
EZYV11484,0
EZYV2338,1
EZYV17220,1
EZYV7615,1
EZYV535,1
EZYV23140,1
EZYV13441,1
EZYV22525,1
EZYV3175,1
EZYV21695,0
EZYV22930,0
EZYV25479,1
EZYV16186,1
EZYV11050,1
EZYV13593,0
EZYV3353,1
EZYV16703,1
EZYV15110,1
EZYV14069,1
EZYV3774,1
EZYV9231,0
EZYV12614,0
EZYV8450,1
EZYV11973,1
EZYV23117,1
EZYV1227,1
EZYV9586,1
EZYV8129,1
EZYV20660,1
EZYV2378,1
EZYV12152,1
EZYV13378,1
EZYV5480,1
EZYV1771,1
EZYV2617,1
EZYV6370,0
EZYV12772,1
EZYV6186,1
EZYV25141,1
EZYV24751,1
EZYV24777,1
EZYV4759,0
EZYV23062,0
EZYV2254,1
EZYV12376,1
EZYV13960,1
EZYV8361,1
EZYV16854,1
EZYV14864,1
EZYV6525,0
EZYV795,1
EZYV6725,1
EZYV24240,0
EZYV13030,0
EZYV9765,1
EZYV5858,1
EZYV10732,0
EZYV5820,1
EZYV12350,1
EZYV19700,1
EZYV24297,1
EZYV9627,1
EZYV13309,1
EZYV3460,1
EZYV5126,1
EZYV18338,0
EZYV20680,1
EZYV6865,1
EZYV15548,1
EZYV18600,1
EZYV4062,1
EZYV18616,1
EZYV14957,0
EZYV1674,1
EZYV12985,1
EZYV22936,1
EZYV20731,1
EZYV14625,1
EZYV11524,0
EZYV7086,0
EZYV5611,1
EZYV7127,1
EZYV20796,0
EZYV18678,1
EZYV12775,1
EZYV23186,1
EZYV14504,0
EZYV24695,1
EZYV12313,1
EZYV7755,1
EZYV8426,1
EZYV14970,1
EZYV23760,1
EZYV3921,1
EZYV22754,1
EZYV4501,1
EZYV2441,0
EZYV25276,1
EZYV17315,1
EZYV3309,0
EZYV10936,1
EZYV20915,0
EZYV14192,0
EZYV11614,1
EZYV22787,1
EZYV18763,1
EZYV15700,1
EZYV4447,1
EZYV6608,1
EZYV21237,1
EZYV15945,0
EZYV24526,0
EZYV5543,1
EZYV11431,1
EZYV9563,1
EZYV8003,1
EZYV9717,1
EZYV10560,1
EZYV2125,0
EZYV17468,0
EZYV8805,1
EZYV19819,1
EZYV10503,0
EZYV14357,1
EZYV948,1
EZYV600,1
EZYV1789,1
EZYV10138,1
EZYV7143,0
EZYV23231,1
EZYV25375,1
EZYV2100,1
EZYV7592,1
EZYV17101,1
EZYV13484,1
EZYV8826,1
EZYV4975,0
EZYV10274,1
EZYV10839,1
EZYV16852,1
EZYV14163,1
EZYV7587,1
EZYV17471,0
EZYV13167,1
EZYV18179,0
EZYV13454,1
EZYV1038,0
EZYV12224,1
EZYV10658,0
EZYV14866,1
EZYV4679,1
EZYV20873,1
EZYV23049,1
EZYV19098,1
EZYV15626,1
EZYV8080,1
EZYV368,1
EZYV6383,0
EZYV6102,1
EZYV18157,1
EZYV9323,1
EZYV5191,1
EZYV21502,1
EZYV20067,1
EZYV16429,0
EZYV4335,0
EZYV13093,1
EZYV9116,1
EZYV10230,1
EZYV22101,1
EZYV8988,1
EZYV21504,0
EZYV7130,1
EZYV3997,1
EZYV17716,1
EZYV11028,1
EZYV15327,1
EZYV22036,1
EZYV12751,1
EZYV19958,0
EZYV8733,0
EZYV21339,1
EZYV18197,1
EZYV1429,0
EZYV3912,1
EZYV20256,1
EZYV17116,1
EZYV18147,1
EZYV10183,1
EZYV19838,1
EZYV21286,1
EZYV23513,1
EZYV24734,1
EZYV15113,1
EZYV6082,1
EZYV15765,1
EZYV3197,1
EZYV5169,0
EZYV13109,1
EZYV16842,0
EZYV634,1
EZYV16927,1
EZYV14240,1
EZYV12405,1
EZYV3514,1
EZYV22981,0
EZYV23753,1
EZYV6303,1
EZYV19053,1
EZYV3039,0
EZYV3404,1
EZYV16142,1
EZYV19320,0
EZYV10467,1
EZYV10191,1
EZYV172,1
EZYV2479,1
EZYV13269,1
EZYV20605,1
EZYV16584,0
EZYV17115,1
EZYV23666,1
EZYV9077,1
EZYV24070,1
EZYV21905,0
EZYV11886,1
EZYV13500,1
EZYV1037,1
EZYV11166,0
EZYV16880,1
EZYV4994,1
EZYV11333,1
EZYV3071,1
EZYV20888,0
EZYV9628,1
EZYV16375,0
EZYV18847,1
EZYV8297,1
EZYV17987,1
EZYV25105,1
EZYV17588,1
EZYV6442,1
EZYV24155,1
EZYV4948,1
EZYV10157,1
EZYV23610,0
EZYV504,1
EZYV24250,1
EZYV22955,1
EZYV12787,1
EZYV2276,1
EZYV5598,1
EZYV10471,1
EZYV864,1
EZYV21656,1
EZYV14851,1
EZYV22636,1
EZYV4446,1
EZYV15650,1
EZYV9431,1
EZYV10315,1
EZYV12400,1
EZYV11003,1
EZYV25136,0
EZYV21889,1
EZYV2322,0
EZYV21471,1
EZYV9390,1
EZYV9942,1
EZYV19903,1
EZYV5903,0
EZYV18634,1
EZYV24233,1
EZYV2053,1
EZYV14270,0
EZYV19094,0
EZYV9931,1
EZYV18603,1
EZYV287,1
EZYV11257,1
EZYV2092,1
EZYV1731,1
EZYV20703,1
EZYV11423,0
EZYV9177,1
EZYV24362,1
EZYV4914,1
EZYV6244,0
EZYV20517,0
EZYV11603,1
EZYV20302,1
EZYV1357,1
EZYV4289,1
EZYV21449,0
EZYV19194,0
EZYV15086,0
EZYV18226,1
EZYV20297,1
EZYV13918,1
EZYV10654,1
EZYV1316,1
EZYV18888,1
EZYV5623,1
EZYV7109,1
EZYV22349,0
EZYV4682,1
EZYV15912,1
EZYV11029,1
EZYV3989,1
EZYV21909,1
EZYV9618,1
EZYV14200,1
EZYV21468,1
EZYV13870,1
EZYV21797,1
EZYV17628,1
EZYV7149,1
EZYV10998,1
EZYV12258,1
EZYV7002,1
EZYV18668,1
EZYV16066,1
EZYV2653,0
EZYV6624,0
EZYV24431,1
EZYV6931,1
EZYV17173,0
EZYV13848,1
EZYV7196,1
EZYV23154,0
EZYV25470,1
EZYV2558,1
EZYV21795,1
EZYV9247,1
EZYV24231,0
EZYV5552,1
EZYV13006,0
EZYV20291,1
EZYV1752,0
EZYV23937,1
EZYV24146,1
EZYV10965,1
EZYV1355,1
EZYV16400,1
EZYV10385,1
EZYV11287,1
EZYV3696,1
EZYV1799,1
EZYV21014,1
EZYV7367,1
EZYV16544,1
EZYV1269,0
EZYV12550,1
EZYV4085,1
EZYV8761,1
EZYV951,1
EZYV9269,1
EZYV17100,1
EZYV23168,1
EZYV17652,1
EZYV14454,1
EZYV5801,1
EZYV5239,1
EZYV16217,1
EZYV6108,1
EZYV19151,1
EZYV7617,1
EZYV21359,1
EZYV13666,1
EZYV1589,1
EZYV23986,1
EZYV6306,1
EZYV24136,1
EZYV15917,1
EZYV20328,1
EZYV7325,1
EZYV9255,1
EZYV3968,1
EZYV25310,1
EZYV5473,1
EZYV23399,1
EZYV25427,1
EZYV15755,1
EZYV9441,1
EZYV2657,1
EZYV18345,1
EZYV11592,0
EZYV13184,1
EZYV3464,0
EZYV7739,1
EZYV22980,1
EZYV22104,1
EZYV381,1
EZYV10867,0
EZYV23837,0
EZYV15448,1
EZYV8608,1
EZYV594,0
EZYV11322,1
EZYV6388,0
EZYV24337,1
EZYV15070,0
EZYV15006,0
EZYV23748,1
EZYV20622,1
EZYV4287,1
EZYV11997,1
EZYV1321,1
EZYV20955,1
EZYV17523,1
EZYV11006,1
EZYV7425,1
EZYV7603,0
EZYV21922,1
EZYV20398,1
EZYV15837,0
EZYV5415,0
EZYV20997,1
EZYV18230,1
EZYV2992,1
EZYV4879,1
EZYV8475,1
EZYV473,1
EZYV16795,1
EZYV20699,1
EZYV20535,1
EZYV24974,1
EZYV9902,1
EZYV23078,1
EZYV22166,0
EZYV19214,1
EZYV18605,0
EZYV23684,1
EZYV4890,1
EZYV13570,1
EZYV7534,0
EZYV13498,1
EZYV15588,1
EZYV25215,1
EZYV8719,1
EZYV8317,0
EZYV15645,1
EZYV18164,1
EZYV14729,1
EZYV3135,0
EZYV16307,1
EZYV10973,0
EZYV12821,0
EZYV15199,1
EZYV6489,1
EZYV16131,1
EZYV6758,1
EZYV13800,1
EZYV24321,1
EZYV12559,1
EZYV19667,1
EZYV13527,0
EZYV1549,1
EZYV24022,1
EZYV16023,0
EZYV17389,1
EZYV2059,1
EZYV22484,1
EZYV16476,1
EZYV24792,1
EZYV16720,1
EZYV6002,1
EZYV21614,1
EZYV15831,1
EZYV4554,1
EZYV18706,0
EZYV23926,1
EZYV18817,1
EZYV22438,0
EZYV5144,0
EZYV5961,0
EZYV10344,1
EZYV17119,1
EZYV13429,1
EZYV17783,1
EZYV8084,0
EZYV18042,1
EZYV10258,1
EZYV23692,1
EZYV24076,1
EZYV5399,0
EZYV10248,1
EZYV17274,1
EZYV12605,1
EZYV4186,1
EZYV12876,1
EZYV22404,1
EZYV13393,1
EZYV19173,1
EZYV6230,0
EZYV13077,1
EZYV23645,1
EZYV5617,1
EZYV6904,1
EZYV12657,1
EZYV18435,1
EZYV19871,1
EZYV24185,1
EZYV24798,1
EZYV3083,1
EZYV12027,1
EZYV16591,0
EZYV20059,1
EZYV15741,1
EZYV5165,1
EZYV4412,1
EZYV4706,1
EZYV5607,1
EZYV15277,1
EZYV11969,1
EZYV16887,1
EZYV4916,1
EZYV14072,0
EZYV7808,1
EZYV18816,0
EZYV7394,1
EZYV18863,1
EZYV17307,1
EZYV3733,0
EZYV2751,1
EZYV18570,1
EZYV18403,1
EZYV2647,1
EZYV6015,1
EZYV17772,1
EZYV14166,1
EZYV13469,0
EZYV18836,1
EZYV20581,1
EZYV11213,1
EZYV24099,0
EZYV22828,1
EZYV14309,1
EZYV2842,1
EZYV17411,0
EZYV23771,1
EZYV14606,1
EZYV7138,1
EZYV10211,0
EZYV7329,1
EZYV15853,1
EZYV6273,1
EZYV24796,1
EZYV22345,1
EZYV1472,1
EZYV11097,1
EZYV13431,1
EZYV5727,1
EZYV3259,1
EZYV16060,1
EZYV6745,1
EZYV23529,1
EZYV24688,1
EZYV1251,1
EZYV12592,0
EZYV18741,1
EZYV18533,1
EZYV3667,1
EZYV9966,1
EZYV24721,1
EZYV15516,1
EZYV13589,1
EZYV3959,1
EZYV9658,1
EZYV11327,1
EZYV22269,1
EZYV15227,1
EZYV20313,1
EZYV13659,1
EZYV18498,1
EZYV5582,1
EZYV14886,1
EZYV4190,1
EZYV3236,1
EZYV8394,1
EZYV8110,1
EZYV2547,1
EZYV7945,1
EZYV15147,1
EZYV14917,1
EZYV22697,1
EZYV5599,1
EZYV14938,1
EZYV4272,1
EZYV15118,1
EZYV24484,1
EZYV9497,1
EZYV12644,1
EZYV22801,0
EZYV7600,0
EZYV19054,0
EZYV14489,1
EZYV5108,1
EZYV7296,1
EZYV10070,1
EZYV7984,1
EZYV2785,0
EZYV19814,1
EZYV2789,1
EZYV13535,1
EZYV24045,0
EZYV16043,0
EZYV23832,1
EZYV4305,1
EZYV18103,1
EZYV7683,1
EZYV13726,0
EZYV11928,1
EZYV5389,1
EZYV11562,1
EZYV6988,1
EZYV18587,1
EZYV12656,0
EZYV14705,1
EZYV3155,1
EZYV21855,1
EZYV11634,1
EZYV12156,1
EZYV13355,1
EZYV7679,1
EZYV9988,1
EZYV2885,1
EZYV19739,1
EZYV8303,1
EZYV19096,1
EZYV25167,1
EZYV23805,0
EZYV16914,1
EZYV22695,1
EZYV4400,1
EZYV14029,1
EZYV6490,1
EZYV19047,0
EZYV3607,1
EZYV745,1
EZYV19682,1
EZYV13669,1
EZYV20443,0
EZYV8012,0
EZYV13762,1
EZYV24379,1
EZYV1141,1
EZYV13327,1
EZYV7571,1
EZYV24758,0
EZYV9359,0
EZYV21943,1
EZYV10583,1
EZYV5397,1
EZYV1584,1
EZYV17308,1
EZYV9601,1
EZYV23043,1
EZYV9566,0
EZYV1706,1
EZYV8746,0
EZYV8904,1
EZYV6404,1
EZYV23635,1
EZYV24626,1
EZYV5754,1
EZYV13781,0
EZYV4142,1
EZYV25173,1
EZYV2370,0
EZYV8657,1
EZYV10275,1
EZYV23190,0
EZYV11981,1
EZYV1242,0
EZYV12106,1
EZYV7900,1
EZYV14973,1
EZYV24330,1
EZYV12496,1
EZYV3316,1
EZYV9211,0
EZYV9888,1
EZYV14760,1
EZYV6236,1
EZYV5883,1
EZYV16977,1
EZYV25286,1
EZYV18934,0
EZYV21618,1
EZYV21264,0
EZYV6496,1
EZYV12509,1
EZYV1533,1
EZYV1557,1
EZYV18856,1
EZYV24664,1
EZYV4024,1
EZYV16861,1
EZYV16646,0
EZYV10340,1
EZYV4179,1
EZYV1215,0
EZYV20311,1
EZYV146,1
EZYV22439,1
EZYV13089,1
EZYV11154,1
EZYV7658,0
EZYV5096,1
EZYV15708,1
EZYV16910,1
EZYV24913,1
EZYV23200,1
EZYV17291,1
EZYV22158,1
EZYV12054,1
EZYV14424,1
EZYV5290,1
EZYV13275,1
EZYV22681,1
EZYV16758,0
EZYV10326,1
EZYV8454,1
EZYV21231,1
EZYV3808,1
EZYV19347,1
EZYV3689,1
EZYV12515,1
EZYV19377,0
EZYV18124,1
EZYV25160,1
EZYV24669,1
EZYV8136,1
EZYV8452,1
EZYV2662,1
EZYV11180,1
EZYV6412,1
EZYV4295,1
EZYV7370,1
EZYV3901,1
EZYV12941,1
EZYV17441,1
EZYV7852,1
EZYV3684,1
EZYV9919,1
EZYV13783,1
EZYV17145,1
EZYV16124,1
EZYV15789,1
EZYV6871,1
EZYV3793,1
EZYV3150,1
EZYV3594,1
EZYV11177,1
EZYV8542,1
EZYV4534,1
EZYV18174,1
EZYV17961,1
EZYV12887,1
EZYV15835,1
EZYV16145,0
EZYV18277,1
EZYV13145,1
EZYV7529,1
EZYV21554,1
EZYV23243,1
EZYV16299,1
EZYV14297,1
EZYV15893,0
EZYV24774,1
EZYV9074,1
EZYV19607,1
EZYV6875,0
EZYV10501,1
EZYV21253,1
EZYV956,1
EZYV10647,1
EZYV2919,1
EZYV24454,0
EZYV10827,1
EZYV16497,1
EZYV6652,1
EZYV14197,1
EZYV5494,1
EZYV8681,1
EZYV11400,1
EZYV16874,0
EZYV17319,1
EZYV2692,1
EZYV3751,1
EZYV16297,1
EZYV15239,1
EZYV17251,1
EZYV21413,1
EZYV1700,1
EZYV18329,1
EZYV14692,1
EZYV1826,1
EZYV2756,1
EZYV13502,1
EZYV9535,1
EZYV10301,1
EZYV25473,1
EZYV529,1
EZYV542,1
EZYV7179,0
EZYV17662,1
EZYV9076,1
EZYV22017,1
EZYV10758,1
EZYV12823,1
EZYV14894,1
EZYV11053,1
EZYV17211,1
EZYV17697,1
EZYV10349,1
EZYV4577,1
EZYV5960,0
EZYV19976,1
EZYV78,1
EZYV1568,1
EZYV8078,1
EZYV8573,1
EZYV14901,1
EZYV4594,0
EZYV3789,0
EZYV21507,1
EZYV21711,1
EZYV3782,0
EZYV19634,1
EZYV6792,0
EZYV16538,1
EZYV8264,0
EZYV10242,1
EZYV11923,1
EZYV6990,1
EZYV16937,1
EZYV6497,1
EZYV22656,1
EZYV12615,1
EZYV2307,1
EZYV2111,1
EZYV14106,1
EZYV12482,1
EZYV8986,1
EZYV17761,1
EZYV17855,0
EZYV8771,0
EZYV23980,1
EZYV20747,1
EZYV13729,1
EZYV23887,1
EZYV10255,1
EZYV10822,1
EZYV18375,1
EZYV15162,1
EZYV19924,1
EZYV13828,1
EZYV10745,1
EZYV3955,0
EZYV22692,1
EZYV15435,1
EZYV1810,0
EZYV1953,1
EZYV24578,1
EZYV1320,1
EZYV5102,1
EZYV6024,1
EZYV16944,1
EZYV5343,0
EZYV24685,1
EZYV15810,1
EZYV1021,1
EZYV2688,1
EZYV9023,1
EZYV17587,1
EZYV6589,0
EZYV8839,1
EZYV22554,1
EZYV22503,1
EZYV12994,1
EZYV2836,1
EZYV3202,0
EZYV24671,1
EZYV8058,1
EZYV18207,0
EZYV18146,1
EZYV19624,0
EZYV10419,1
EZYV1653,1
EZYV7791,1
EZYV24108,1
EZYV25284,1
EZYV15939,1
EZYV10455,1
EZYV10512,1
EZYV11295,0
EZYV8293,0
EZYV15464,1
EZYV3371,1
EZYV6400,1
EZYV18653,1
EZYV17601,1
EZYV14974,1
EZYV7269,1
EZYV2418,0
EZYV7972,1
EZYV10741,0
EZYV13686,1
EZYV6156,1
EZYV14717,1
EZYV17256,1
EZYV1345,0
EZYV9671,1
EZYV12497,1
EZYV7401,1
EZYV9208,1
EZYV10580,1
EZYV84,1
EZYV4183,1
EZYV23381,1
EZYV15644,1
EZYV16691,1
EZYV8606,1
EZYV16132,1
EZYV3581,0
EZYV25213,1
EZYV22056,0
EZYV21096,1
EZYV8453,1
EZYV22094,1
EZYV14745,1
EZYV9113,1
EZYV8917,1
EZYV1027,1
EZYV12587,0
EZYV452,1
EZYV17542,1
EZYV3526,1
EZYV5548,1
EZYV24410,1
EZYV23809,1
EZYV6134,1
EZYV17683,1
EZYV12922,0
EZYV9701,1
EZYV24393,1
EZYV1071,1
EZYV24149,1
EZYV371,1
EZYV14526,1
EZYV16146,1
EZYV2297,1
EZYV2455,1
EZYV11830,1
EZYV16710,1
EZYV3679,1
EZYV11775,1
EZYV17442,1
EZYV9086,1
EZYV11133,1
EZYV5669,1
EZYV10552,1
EZYV9467,1
EZYV10907,1
EZYV4000,1
EZYV16261,1
EZYV13523,1
EZYV3614,1
EZYV13076,1
EZYV24345,1
EZYV16114,1
EZYV25000,1
EZYV13892,0
EZYV3792,0
EZYV4896,0
EZYV857,1
EZYV10618,1
EZYV2989,1
EZYV8912,1
EZYV20685,1
EZYV16575,1
EZYV14035,1
EZYV10048,1
EZYV12523,1
EZYV21267,1
EZYV10909,1
EZYV4719,1
EZYV11058,0
EZYV19376,1
EZYV20819,1
EZYV14888,1
EZYV2361,1
EZYV10057,1
EZYV8774,1
EZYV12759,1
EZYV4982,1
EZYV12907,0
EZYV12494,0
EZYV9082,1
EZYV12763,1
EZYV18222,1
EZYV17713,1
EZYV15095,1
EZYV16441,1
EZYV5634,1
EZYV9091,0
EZYV9465,1
EZYV18216,1
EZYV24959,1
EZYV16546,1
EZYV7180,1
EZYV19773,1
EZYV2342,1
EZYV6116,1
EZYV18624,1
EZYV23850,1
EZYV20706,1
EZYV6455,1
EZYV3006,1
EZYV2487,1
EZYV7446,1
EZYV633,1
EZYV8541,1
EZYV14068,1
EZYV21133,1
EZYV15204,1
EZYV20884,1
EZYV20215,1
EZYV20583,1
EZYV13610,1
EZYV14047,0
EZYV3153,1
EZYV6165,1
EZYV20097,1
EZYV13148,1
EZYV19670,1
EZYV8622,1
EZYV9552,1
EZYV24432,0
EZYV2413,1
EZYV12780,1
EZYV394,1
EZYV4984,1
EZYV10701,0
EZYV10615,1
EZYV46,1
EZYV18134,1
EZYV4921,1
EZYV17014,1
EZYV2859,1
EZYV10889,1
EZYV11536,1
EZYV16813,1
EZYV14630,1
EZYV14000,1
EZYV15340,1
EZYV1218,1
EZYV11637,1
EZYV8823,1
EZYV16474,1
EZYV1843,1
EZYV13917,1
EZYV1390,1
EZYV1963,1
EZYV4392,1
EZYV2501,1
EZYV20883,1
EZYV11215,1
EZYV20322,1
EZYV9796,1
EZYV23582,1
EZYV2117,0
EZYV1737,1
EZYV9723,0
EZYV19314,1
EZYV944,1
EZYV11806,0
EZYV8123,1
EZYV12322,1
EZYV18342,1
EZYV10062,1
EZYV19305,1
EZYV13462,1
EZYV22412,1
EZYV17532,1
EZYV19833,1
EZYV14988,0
EZYV13144,1
EZYV8683,0
EZYV3387,1
EZYV9974,0
EZYV23061,0
EZYV25154,1
EZYV10468,1
EZYV12528,1
EZYV15845,1
EZYV12319,1
EZYV8276,1
EZYV19177,1
EZYV21782,1
EZYV2909,0
EZYV24902,1
EZYV10414,1
EZYV13294,1
EZYV8331,1
EZYV6008,1
EZYV7030,1
EZYV14165,1
EZYV3417,1
EZYV327,1
EZYV19138,1
EZYV9099,1
EZYV5105,1
EZYV10491,0
EZYV21352,1
EZYV18564,1
EZYV16424,1
EZYV12682,1
EZYV11324,1
EZYV22039,1
EZYV23507,1
EZYV12072,0
EZYV23135,1
EZYV23543,1
EZYV11066,1
EZYV22505,1
EZYV12347,1
EZYV12266,0
EZYV21102,0
EZYV12393,1
EZYV6056,1
EZYV5245,1
EZYV10893,1
EZYV631,1
EZYV6027,1
EZYV22961,1
EZYV18697,1
EZYV17698,1
EZYV9826,1
EZYV7880,0
EZYV13034,1
EZYV19248,1
EZYV5288,1
EZYV7923,1
EZYV314,0
EZYV22049,1
EZYV16324,0
EZYV24550,1
EZYV7604,1
EZYV11535,1
EZYV20051,1
EZYV25142,1
EZYV4525,1
EZYV21934,1
EZYV11317,1
EZYV23101,1
EZYV5370,1
EZYV875,0
EZYV3422,1
EZYV4426,0
EZYV23958,1
EZYV980,1
EZYV11707,0
EZYV9073,1
EZYV13099,1
EZYV3852,1
EZYV24263,1
EZYV3906,1
EZYV19246,0
EZYV13410,0
EZYV14414,0
EZYV17895,1
EZYV3124,1
EZYV6612,1
EZYV7445,1
EZYV9249,1
EZYV11632,0
EZYV5407,1
EZYV6452,1
EZYV23755,1
EZYV3284,1
EZYV4601,1
EZYV9833,1
EZYV8517,1
EZYV4776,1
EZYV1327,1
EZYV19203,1
EZYV22043,0
EZYV13302,1
EZYV10599,1
EZYV6450,1
EZYV3076,1
EZYV24895,0
EZYV1960,1
EZYV7471,1
EZYV15384,1
EZYV9686,1
EZYV19331,1
EZYV2209,1
EZYV6605,1
EZYV4394,1
EZYV12551,1
EZYV8166,1
EZYV18662,1
EZYV19669,1
EZYV6535,1
EZYV10215,1
EZYV9720,1
EZYV9240,1
EZYV25274,1
EZYV18667,0
EZYV21162,1
EZYV23402,1
EZYV3114,1
EZYV19082,1
EZYV12694,0
EZYV19941,1
EZYV19489,1
EZYV3430,1
EZYV11515,1
EZYV12859,0
EZYV14710,1
EZYV22799,1
EZYV10047,0
EZYV49,1
EZYV15547,1
EZYV13657,1
EZYV9308,0
EZYV2320,1
EZYV8346,0
EZYV3311,0
EZYV10782,1
EZYV398,1
EZYV9264,1
EZYV12843,1
EZYV4600,1
EZYV17852,0
EZYV22835,1
EZYV18371,1
EZYV16494,1
EZYV7872,1
EZYV1720,1
EZYV17263,1
EZYV24583,1
EZYV505,1
EZYV3157,1
EZYV15975,1
EZYV22210,1
EZYV13735,1
EZYV1161,0
EZYV23681,1
EZYV9094,1
EZYV16392,1
EZYV5712,1
EZYV16082,0
EZYV21586,1
EZYV16588,0
EZYV218,1
EZYV12046,1
EZYV19458,1
EZYV8477,1
EZYV16463,0
EZYV16092,1
EZYV24062,0
EZYV2508,1
EZYV3219,1
EZYV8782,1
EZYV4474,0
EZYV14530,1
EZYV6628,1
EZYV17428,1
EZYV1282,1
EZYV7032,1
EZYV743,1
EZYV24007,1
EZYV1905,1
EZYV17168,1
EZYV12018,1
EZYV24918,0
EZYV22764,1
EZYV17140,1
EZYV10208,1
EZYV2411,0
EZYV252,1
EZYV19483,1
EZYV8624,1
EZYV24881,0
EZYV5241,1
EZYV6343,0
EZYV9810,1
EZYV12073,1
EZYV17003,1
EZYV22179,1
EZYV23625,1
EZYV16998,1
EZYV12025,1
EZYV4760,1
EZYV7801,1
EZYV22999,1
EZYV15400,1
EZYV8163,1
EZYV8835,1
EZYV12873,1
EZYV1617,1
EZYV2421,1
EZYV3542,0
EZYV23740,1
EZYV9856,1
EZYV10051,1
EZYV23107,0
EZYV13332,1
EZYV3919,0
EZYV6822,0
EZYV7826,1
EZYV3354,1
EZYV10030,1
EZYV15491,0
EZYV11277,0
EZYV4943,1
EZYV23877,1
EZYV18026,1
EZYV16344,1
EZYV7686,1
EZYV12984,1
EZYV11697,0
EZYV5079,1
EZYV448,1
EZYV22620,1
EZYV4546,1
EZYV12609,0
EZYV8231,0
EZYV18883,1
EZYV12716,1
EZYV8319,0
EZYV16662,1
EZYV6409,0
EZYV17539,0
EZYV24985,0
EZYV25338,1
EZYV720,1
EZYV19454,1
EZYV23070,1
EZYV3217,0
EZYV15073,1
EZYV24507,1
EZYV4429,1
EZYV14313,1
EZYV10076,1
EZYV20088,1
EZYV20908,1
EZYV8411,0
EZYV12475,1
EZYV20612,1
EZYV14052,1
EZYV5556,1
EZYV6701,1
EZYV19067,0
EZYV12348,1
EZYV20741,1
EZYV2892,0
EZYV7713,1
EZYV17267,1
EZYV24920,1
EZYV23473,1
EZYV2901,1
EZYV13790,1
EZYV9191,1
EZYV19665,1
EZYV18643,1
EZYV15619,1
EZYV8311,1
EZYV7694,1
EZYV25106,0
EZYV16428,0
EZYV9239,1
EZYV6187,1
EZYV16757,1
EZYV12527,1
EZYV21455,0
EZYV13654,0
EZYV18835,1
EZYV17237,1
EZYV24702,1
EZYV7144,1
EZYV17269,1
EZYV17171,1
EZYV17663,1
EZYV7211,1
EZYV11085,1
EZYV13791,1
EZYV6754,1
EZYV353,1
EZYV1517,1
EZYV15378,1
EZYV13844,1
EZYV15081,0
EZYV20806,1
EZYV13962,1
EZYV7858,1
EZYV15122,1
EZYV4253,1
EZYV19996,1
EZYV21976,1
EZYV11952,1
EZYV16106,1
EZYV1663,1
EZYV19873,1
EZYV18933,1
EZYV3049,0
EZYV23237,1
EZYV20092,0
EZYV13596,0
EZYV8340,0
EZYV10754,1
EZYV14839,1
EZYV14541,0
EZYV13586,1
EZYV3920,0
EZYV17898,1
EZYV4505,1
EZYV8189,0
EZYV6592,1
EZYV6705,1
EZYV7087,1
EZYV9263,0
EZYV23800,1
EZYV15258,1
EZYV13060,1
EZYV3911,1
EZYV23911,1
EZYV12308,0
EZYV11791,0
EZYV10234,1
EZYV13871,1
EZYV24860,0
EZYV9866,0
EZYV6268,1
EZYV22458,0
EZYV22468,1
EZYV3385,1
EZYV2288,1
EZYV17462,1
EZYV9955,1
EZYV12215,1
EZYV9798,0
EZYV33,1
EZYV11174,0
EZYV5788,1
EZYV11528,1
EZYV12438,1
EZYV13091,1
EZYV23974,1
EZYV14534,1
EZYV9069,1
EZYV16682,1
EZYV18673,1
EZYV15420,1
EZYV8749,1
EZYV16660,1
EZYV13728,1
EZYV6037,1
EZYV19615,1
EZYV3602,1
EZYV5122,1
EZYV7633,1
EZYV2991,1
EZYV19128,1
EZYV1615,0
EZYV9058,1
EZYV14645,1
EZYV6509,1
EZYV14878,0
EZYV14169,1
EZYV2391,0
EZYV21387,1
EZYV559,1
EZYV25458,1
EZYV4491,0
EZYV24582,1
EZYV5889,1
EZYV25212,1
EZYV6857,1
EZYV8323,1
EZYV22127,1
EZYV6622,1
EZYV5513,1
EZYV10682,1
EZYV9687,0
EZYV15666,1
EZYV15690,0
EZYV16712,1
EZYV2726,1
EZYV22394,1
EZYV9324,1
EZYV9682,1
EZYV24144,1
EZYV7721,1
EZYV15422,1
EZYV1157,1
EZYV4483,1
EZYV406,0
EZYV9897,1
EZYV20871,1
EZYV9791,1
EZYV10671,1
EZYV11465,1
EZYV1455,0
EZYV18781,1
EZYV8679,1
EZYV4433,0
EZYV1762,1
EZYV2825,0
EZYV23523,1
EZYV3691,0
EZYV16206,1
EZYV569,0
EZYV7752,1
EZYV3657,1
EZYV9273,1
EZYV365,0
EZYV5189,0
EZYV12863,0
EZYV19527,1
EZYV4894,0
EZYV4986,0
EZYV12762,0
EZYV17586,1
EZYV20633,1
EZYV21679,1
EZYV19241,1
EZYV7374,1
EZYV5152,1
EZYV7630,1
EZYV24573,1
EZYV9659,1
EZYV749,1
EZYV3278,0
EZYV7728,1
EZYV6162,1
EZYV7479,1
EZYV16806,1
EZYV1970,0
EZYV4876,1
EZYV1144,1
EZYV10124,1
EZYV1927,1
EZYV8316,0
EZYV19970,1
EZYV24380,1
EZYV4046,1
EZYV15130,1
EZYV9415,1
EZYV16987,1
EZYV13769,0
EZYV17060,1
EZYV20653,1
EZYV17750,1
EZYV16187,1
EZYV13888,1
EZYV13156,1
EZYV9881,1
EZYV22767,0
EZYV20426,0
EZYV4542,0
EZYV17053,1
EZYV21093,1
EZYV10380,1
EZYV25024,0
EZYV24247,0
EZYV17748,1
EZYV18629,0
EZYV16776,1
EZYV2129,1
EZYV5050,1
EZYV4714,1
EZYV18379,0
EZYV25005,1
EZYV19375,1
EZYV7613,1
EZYV20414,0
EZYV19215,1
EZYV6472,1
EZYV2367,0
EZYV4315,0
EZYV5944,1
EZYV18621,1
EZYV7363,1
EZYV4224,1
EZYV2507,1
EZYV11992,1
EZYV19065,1
EZYV18019,0
EZYV23907,1
EZYV7135,1
EZYV17055,1
EZYV15444,1
EZYV24951,1
EZYV2323,0
EZYV19550,0
EZYV17090,1
EZYV3713,1
EZYV6976,0
EZYV4094,1
EZYV9381,1
EZYV15042,1
EZYV5448,1
EZYV8859,1
EZYV10571,1
EZYV10069,0
EZYV25166,1
EZYV18149,0
EZYV7572,1
EZYV3313,1
EZYV2099,1
EZYV9685,1
EZYV2961,0
EZYV23269,1
EZYV10668,0
EZYV17891,1
EZYV44,1
EZYV23707,1
EZYV21186,0
EZYV12846,1
EZYV19802,1
EZYV3831,1
EZYV14312,1
EZYV17505,1
EZYV3858,1
EZYV7104,1
EZYV24750,1
EZYV7369,1
EZYV2318,1
EZYV20790,1
EZYV19393,1
EZYV16121,1
EZYV1399,1
EZYV20730,1
EZYV22435,1
EZYV13123,1
EZYV16227,1
EZYV24476,1
EZYV8954,1
EZYV9233,0
EZYV20126,1
EZYV7565,1
EZYV712,0
EZYV5267,1
EZYV7579,1
EZYV23570,1
EZYV23424,1
EZYV42,1
EZYV9404,1
EZYV14981,1
EZYV20721,1
EZYV19142,1
EZYV15906,1
EZYV24326,1
EZYV23103,0
EZYV13366,1
EZYV1145,1
EZYV13606,0
EZYV20525,1
EZYV9236,0
EZYV10594,1
EZYV23857,1
EZYV9361,0
EZYV3481,1
EZYV5871,1
EZYV15725,0
EZYV21074,1
EZYV25184,1
EZYV23155,1
EZYV3450,1
EZYV16940,1
EZYV24731,1
EZYV10167,1
EZYV21206,1
EZYV25289,1
EZYV5715,1
EZYV18189,0
EZYV18985,1
EZYV14708,1
EZYV10883,1
EZYV17021,1
EZYV4169,1
EZYV21907,1
EZYV22788,1
EZYV11361,0
EZYV21404,1
EZYV15582,1
EZYV14624,0
EZYV7253,1
EZYV11392,1
EZYV12541,1
EZYV11408,0
EZYV13528,1
EZYV3747,0
EZYV4777,1
EZYV10181,1
EZYV10259,1
EZYV17136,1
EZYV557,1
EZYV1381,1
EZYV1536,1
EZYV12385,1
EZYV4113,0
EZYV4710,1
EZYV17878,1
EZYV7039,0
EZYV21167,1
EZYV7328,1
EZYV6954,0
EZYV4450,1
EZYV12479,1
EZYV16664,1
EZYV25224,1
EZYV12114,1
EZYV432,1
EZYV12888,0
EZYV5811,1
EZYV4479,1
EZYV5174,1
EZYV4264,0
EZYV15366,1
EZYV9666,1
EZYV22429,1
EZYV8884,1
EZYV17306,1
EZYV21985,1
EZYV18366,1
EZYV1349,1
EZYV799,0
EZYV17714,1
EZYV5104,1
EZYV4476,1
EZYV16915,1
EZYV12908,1
EZYV1247,1
EZYV23079,1
EZYV23644,1
EZYV22810,1
EZYV9998,1
EZYV190,1
EZYV717,1
EZYV21055,0
EZYV15218,1
EZYV2972,1
EZYV20509,1
EZYV3030,1
EZYV2543,1
EZYV24562,1
EZYV7264,1
EZYV9148,0
EZYV6350,1
EZYV18873,1
EZYV11980,0
EZYV13989,1
EZYV7773,1
EZYV2489,1
EZYV16855,0
EZYV3119,1
EZYV6464,1
EZYV24657,0
EZYV4520,1
EZYV13739,1
EZYV8690,1
EZYV19408,1
EZYV5934,1
EZYV22096,1
EZYV25273,1
EZYV7748,1
EZYV4423,1
EZYV6869,1
EZYV24741,0
EZYV14905,1
EZYV14802,1
EZYV14655,0
EZYV2376,0
EZYV23167,0
EZYV18419,0
EZYV18707,1
EZYV3582,1
EZYV22897,1
EZYV1550,1
EZYV19720,1
EZYV17591,1
EZYV4436,1
EZYV18470,0
EZYV23944,1
EZYV6834,1
EZYV5266,0
EZYV8094,1
EZYV4740,1
EZYV609,1
EZYV14684,1
EZYV10659,0
EZYV953,1
EZYV23256,1
EZYV9322,1
EZYV18123,1
EZYV11556,1
EZYV18186,1
EZYV13635,1
EZYV23688,1
EZYV17521,1
EZYV3133,1
EZYV4234,1
EZYV19671,1
EZYV23720,1
EZYV4522,1
EZYV12118,1
EZYV19592,1
EZYV11289,1
EZYV6260,0
EZYV22189,1
EZYV11968,1
EZYV20957,1
EZYV9293,0
EZYV22211,1
EZYV13134,1
EZYV4941,1
EZYV18025,1
EZYV23485,1
EZYV15788,1
EZYV1902,1
EZYV18126,1
EZYV12837,1
EZYV19417,0
EZYV18173,1
EZYV7964,1
EZYV3612,1
EZYV24525,1
EZYV5153,0
EZYV1305,1
EZYV10708,1
EZYV12082,0
EZYV13224,1
EZYV19691,1
EZYV23677,0
EZYV20446,1
EZYV1869,1
EZYV17216,1
EZYV10014,1
EZYV10114,1
EZYV24137,1
EZYV2945,1
EZYV6644,1
EZYV20495,1
EZYV16947,1
EZYV3543,0
EZYV7497,1
EZYV8112,1
EZYV5458,0
EZYV9762,1
EZYV12866,1
EZYV852,1
EZYV19209,0
EZYV2448,0
EZYV20325,0
EZYV23024,1
EZYV24101,1
EZYV4317,1
EZYV17396,1
EZYV13816,1
EZYV9526,1
EZYV735,1
EZYV1714,1
EZYV9135,1
EZYV7733,1
EZYV13809,1
EZYV8289,1
EZYV13244,1
EZYV19131,1
EZYV5201,1
EZYV11559,1
EZYV10857,1
EZYV24170,1
EZYV16804,1
EZYV19005,0
EZYV8510,1
EZYV20314,1
EZYV1245,1
EZYV15236,1
EZYV5686,0
EZYV9834,1
EZYV1056,1
EZYV6734,1
EZYV15500,1
EZYV14646,0
EZYV2415,1
EZYV3495,1
EZYV23323,0
EZYV19218,1
EZYV10327,1
EZYV14887,1
EZYV17705,0
EZYV7136,1
EZYV25429,1
EZYV5075,1
EZYV2101,1
EZYV9393,0
EZYV3044,1
EZYV15946,1
EZYV25448,1
EZYV12897,1
EZYV18283,1
EZYV17166,1
EZYV22672,1
EZYV986,1
EZYV21772,1
EZYV25262,0
EZYV8528,0
EZYV22946,1
EZYV2017,0
EZYV8060,1
EZYV5071,1
EZYV6763,1
EZYV15131,1
EZYV7041,1
EZYV17924,1
EZYV10463,1
EZYV12491,0
EZYV17089,1
EZYV12146,1
EZYV1030,1
EZYV13795,1
EZYV16879,1
EZYV16677,0
EZYV21930,0
EZYV16459,1
EZYV2164,1
EZYV19470,1
EZYV21150,1
EZYV21865,1
EZYV18456,0
EZYV8113,1
EZYV8676,1
EZYV8825,0
EZYV10104,1
EZYV8446,1
EZYV18852,1
EZYV18454,1
EZYV16634,0
EZYV14979,1
EZYV11250,1
EZYV24322,1
EZYV15492,0
EZYV426,1
EZYV1236,1
EZYV24534,0
EZYV865,0
EZYV20590,1
EZYV16875,1
EZYV15213,1
EZYV11432,0
EZYV4778,1
EZYV11920,1
EZYV20762,0
EZYV11962,1
EZYV15392,1
EZYV532,1
EZYV4434,1
EZYV22702,1
EZYV1724,1
EZYV11506,0
EZYV22733,1
EZYV14896,1
EZYV8538,1
EZYV4911,1
EZYV7581,1
EZYV13202,0
EZYV22285,1
EZYV22193,1
EZYV18595,1
EZYV13671,1
EZYV2025,0
EZYV07,1
EZYV7899,0
EZYV391,0
EZYV14117,1
EZYV19698,1
EZYV15313,1
EZYV12795,1
EZYV22078,1
EZYV2269,1
EZYV599,1
EZYV20258,1
EZYV17445,1
EZYV14295,1
EZYV4001,1
EZYV23954,1
EZYV3523,1
EZYV22855,1
EZYV19476,1
EZYV23194,1
EZYV10892,1
EZYV3200,1
EZYV14020,1
EZYV18468,1
EZYV7191,1
EZYV4960,1
EZYV8872,1
EZYV2519,0
EZYV17639,0
EZYV13230,1
EZYV20190,1
EZYV12173,0
EZYV17408,1
EZYV20384,1
EZYV17142,1
EZYV11047,1
EZYV3418,1
EZYV22328,1
EZYV24506,0
EZYV22502,1
EZYV3862,1
EZYV7014,1
EZYV24475,1
EZYV21480,1
EZYV11990,1
EZYV8734,1
EZYV9409,1
EZYV19595,1
EZYV3922,1
EZYV13745,1
EZYV6877,1
EZYV9532,1
EZYV11312,1
EZYV15120,1
EZYV21548,0
EZYV22360,1
EZYV14862,1
EZYV22582,1
EZYV10376,1
EZYV24383,1
EZYV17491,0
EZYV20939,1
EZYV4049,1
EZYV13653,0
EZYV20946,1
EZYV1154,1
EZYV7914,1
EZYV11412,1
EZYV24087,1
EZYV18665,1
EZYV16231,0
EZYV14787,1
EZYV15804,1
EZYV1709,1
EZYV19207,1
EZYV7992,1
EZYV17548,1
EZYV10401,0
EZYV23312,1
EZYV19243,1
EZYV22326,1
EZYV6457,0
EZYV3908,1
EZYV3378,1
EZYV18482,1
EZYV1407,1
EZYV21697,1
EZYV1366,1
EZYV14383,1
EZYV8525,1
EZYV11908,0
EZYV11282,1
EZYV10160,1
EZYV7783,1
EZYV5303,1
EZYV1637,0
EZYV16728,1
EZYV10776,1
EZYV23327,0
EZYV8127,1
EZYV16683,0
EZYV625,1
EZYV13172,1
EZYV15298,1
EZYV2325,1
EZYV4870,1
EZYV7698,0
EZYV3380,1
EZYV5670,1
EZYV20166,1
EZYV21900,1
EZYV24619,1
EZYV8103,1
EZYV14588,1
EZYV23191,1
EZYV18006,1
EZYV1716,1
EZYV11815,1
EZYV24831,1
EZYV11260,1
EZYV4294,1
EZYV14085,1
EZYV10513,1
EZYV11380,1
EZYV24532,1
EZYV11711,1
EZYV21244,1
EZYV21384,1
EZYV24065,1
EZYV19927,1
EZYV19327,1
EZYV9428,1
EZYV23605,1
EZYV17383,0
EZYV23862,1
EZYV19865,0
EZYV8974,0
EZYV14670,1
EZYV3091,1
EZYV11414,1
EZYV3815,0
EZYV20675,1
EZYV1445,1
EZYV8405,1
EZYV3712,1
EZYV18384,1
EZYV22875,1
EZYV14288,1
EZYV10638,1
EZYV15919,1
EZYV9819,1
EZYV24179,1
EZYV14546,0
EZYV9294,1
EZYV6713,1
EZYV10944,1
EZYV6168,1
EZYV10372,1
EZYV5815,1
EZYV9100,1
EZYV9868,1
EZYV7813,0
EZYV25268,1
EZYV8831,1
EZYV10718,1
EZYV6601,1
EZYV23020,1
EZYV16969,1
EZYV6287,1
EZYV5496,1
EZYV23930,1
EZYV3348,1
EZYV20677,1
EZYV5323,1
EZYV17248,1
EZYV13905,0
EZYV8543,1
EZYV23700,1
EZYV1029,1
EZYV15864,1
EZYV9321,1
EZYV17556,1
EZYV22217,1
EZYV4791,1
EZYV24670,1
EZYV9913,1
EZYV9732,1
EZYV3754,1
EZYV14172,1
EZYV2331,1
EZYV14598,1
EZYV877,1
EZYV19003,1
EZYV11732,0
EZYV18829,0
EZYV22407,1
EZYV15718,1
EZYV3950,1
EZYV386,1
EZYV18794,1
EZYV23251,1
EZYV25282,1
EZYV20250,1
EZYV112,1
EZYV10065,1
EZYV7806,0
EZYV19085,1
EZYV5296,0
EZYV22546,1
EZYV6333,1
EZYV23723,1
EZYV3654,0
EZYV10098,1
EZYV9805,1
EZYV24561,1
EZYV1957,1
EZYV5483,1
EZYV12117,1
EZYV10815,1
EZYV6688,0
EZYV22097,1
EZYV15715,1
EZYV14378,1
EZYV4418,1
EZYV7465,1
EZYV19311,1
EZYV3874,1
EZYV25135,1
EZYV22115,1
EZYV1655,0
EZYV612,1
EZYV21825,1
EZYV22811,1
EZYV9593,1
EZYV2539,1
EZYV9795,0
EZYV4792,1
EZYV23406,0
EZYV1969,1
EZYV12717,1
EZYV8780,1
EZYV23252,1
EZYV13338,1
EZYV16244,1
EZYV12542,1
EZYV22937,1
EZYV16250,1
EZYV8032,1
EZYV13328,1
EZYV15689,1
EZYV2709,1
EZYV17989,1
EZYV23206,1
EZYV14783,1
EZYV23344,1
EZYV8218,1
EZYV16753,1
EZYV20447,1
EZYV14403,1
EZYV6883,1
EZYV23160,1
EZYV12700,1
EZYV13902,1
EZYV13949,1
EZYV15875,0
EZYV24502,1
EZYV19546,1
EZYV7411,0
EZYV10170,1
EZYV5529,1
EZYV3673,1
EZYV7738,1
EZYV17483,1
EZYV7343,0
EZYV22310,1
EZYV4711,1
EZYV4099,1
EZYV15854,1
EZYV20469,1
EZYV12739,1
EZYV2348,1
EZYV7247,1
EZYV24470,1
EZYV6012,1
EZYV4686,1
EZYV6749,1
EZYV24585,1
EZYV331,1
EZYV12861,1
EZYV2218,1
EZYV8981,1
EZYV675,1
EZYV14570,1
EZYV5285,0
EZYV12715,1
EZYV6582,1
EZYV2273,1
EZYV2364,1
EZYV24986,1
EZYV10833,1
EZYV24169,0
EZYV1252,1
EZYV24059,1
EZYV9893,1
EZYV22481,1
EZYV7216,1
EZYV17132,1
EZYV3784,0
EZYV12416,1
EZYV1051,1
EZYV5020,1
EZYV7745,1
EZYV19134,1
EZYV6516,1
EZYV4816,1
EZYV25333,1
EZYV2270,1
EZYV17401,1
EZYV5974,1
EZYV9362,0
EZYV6064,1
EZYV16315,1
EZYV11808,0
EZYV22103,0
EZYV3406,1
EZYV14121,1
EZYV20632,1
EZYV25382,0
EZYV11159,0
EZYV22030,1
EZYV9102,1
EZYV10039,1
EZYV8886,1
EZYV6086,1
EZYV23598,1
EZYV15077,0
EZYV9464,1
EZYV21302,0
EZYV9008,1
EZYV18476,1
EZYV14057,1
EZYV2649,1
EZYV10185,1
EZYV13003,1
EZYV19451,1
EZYV22433,1
EZYV23407,0
EZYV11381,0
EZYV10778,0
EZYV21891,1
EZYV1417,1
EZYV13301,1
EZYV11366,1
EZYV16765,1
EZYV16839,1
EZYV2646,1
EZYV16686,1
EZYV7506,0
EZYV25094,1
EZYV6732,1
EZYV763,1
EZYV5573,1
EZYV15784,1
EZYV10312,1
EZYV14596,1
EZYV22396,1
EZYV1942,1
EZYV4873,1
EZYV25042,1
EZYV7040,1
EZYV20263,1
EZYV24083,0
EZYV456,1
EZYV8518,1
EZYV14742,1
EZYV16251,1
EZYV6078,1
EZYV24722,1
EZYV7811,0
EZYV7494,1
EZYV231,0
EZYV7029,0
EZYV7190,1
EZYV17133,0
EZYV18567,0
EZYV629,1
EZYV18748,1
EZYV8491,0
EZYV12952,1
EZYV10050,1
EZYV18088,1
EZYV9235,1
EZYV1452,0
EZYV13681,1
EZYV7590,1
EZYV21914,1
EZYV278,1
EZYV22009,1
EZYV16388,0
EZYV4903,1
EZYV21686,0
EZYV2154,1
EZYV7887,1
EZYV25231,1
EZYV20182,1
EZYV539,1
EZYV19038,0
EZYV1133,0
EZYV3016,1
EZYV20124,1
EZYV6289,0
EZYV12310,1
EZYV19765,1
EZYV11301,1
EZYV10725,1
EZYV5967,1
EZYV7767,1
EZYV20221,1
EZYV860,1
EZYV19436,1
EZYV24278,1
EZYV23115,1
EZYV20530,1
EZYV6703,1
EZYV19986,1
EZYV16209,1
EZYV21334,1
EZYV24378,1
EZYV23511,1
EZYV5002,1
EZYV24367,1
EZYV11902,1
EZYV14088,1
EZYV21370,1
EZYV12923,1
EZYV5697,1
EZYV12507,1
EZYV15360,1
EZYV24317,0
EZYV6675,0
EZYV8082,1
EZYV485,1
EZYV23086,1
EZYV8187,1
EZYV2590,1
EZYV21522,1
EZYV3795,0
EZYV3894,1
EZYV5497,0
EZYV20951,1
EZYV5148,1
EZYV220,1
EZYV4180,1
EZYV5595,1
EZYV15735,1
EZYV16478,1
EZYV24811,1
EZYV1394,0
EZYV15245,1
EZYV17223,1
EZYV15294,1
EZYV15817,1
EZYV13825,1
EZYV25200,1
EZYV18809,1
EZYV5242,1
EZYV15618,1
EZYV558,0
EZYV8482,1
EZYV8880,1
EZYV9486,1
EZYV3963,1
EZYV6179,1
EZYV9339,1
EZYV14005,0
EZYV8667,1
EZYV9473,0
EZYV211,1
EZYV11718,1
EZYV19574,1
EZYV4704,1
EZYV8651,0
EZYV3854,1
EZYV21065,0
EZYV4993,1
EZYV472,0
EZYV12832,1
EZYV22914,1
EZYV19411,1
EZYV20298,1
EZYV10617,1
EZYV19835,1
EZYV15097,1
EZYV4689,1
EZYV21758,1
EZYV24697,1
EZYV13303,1
EZYV20630,1
EZYV25419,1
EZYV10049,1
EZYV11485,1
EZYV7652,1
EZYV10556,1
EZYV13839,1
EZYV2265,1
EZYV13785,1
EZYV6033,1
EZYV12983,1
EZYV23603,1
EZYV13132,1
EZYV5159,0
EZYV3129,1
EZYV12193,1
EZYV7747,1
EZYV14649,1
EZYV2608,1
EZYV5847,1
EZYV25111,1
EZYV11030,1
EZYV17262,1
EZYV18377,1
EZYV21527,1
EZYV22651,1
EZYV12079,1
EZYV16746,1
EZYV17631,1
EZYV15801,1
EZYV3290,1
EZYV24161,1
EZYV14722,1
EZYV1202,1
EZYV19741,0
EZYV10762,1
EZYV16095,1
EZYV2963,0
EZYV12727,0
EZYV9067,1
EZYV15786,1
EZYV8114,1
EZYV6570,1
EZYV7354,1
EZYV23706,0
EZYV3459,0
EZYV14045,1
EZYV14639,1
EZYV17955,1
EZYV25048,1
EZYV19840,1
EZYV19196,1
EZYV11948,0
EZYV24069,1
EZYV20566,1
EZYV10752,1
EZYV21610,1
EZYV9770,1
EZYV23156,1
EZYV20788,1
EZYV8228,1
EZYV15641,1
EZYV20203,1
EZYV16762,1
EZYV12422,1
EZYV4880,0
EZYV15413,0
EZYV8587,1
EZYV701,1
EZYV21265,0
EZYV17476,1
EZYV124,1
EZYV18395,1
EZYV14158,1
EZYV12988,1
EZYV902,1
EZYV18062,1
EZYV1937,1
EZYV24943,1
EZYV15230,1
EZYV23803,1
EZYV300,1
EZYV17949,1
EZYV17475,1
EZYV10801,0
EZYV23295,1
EZYV8590,1
EZYV9158,0
EZYV9542,1
EZYV5390,1
EZYV23585,1
EZYV16235,1
EZYV15214,1
EZYV7527,1
EZYV1336,1
EZYV20744,1
EZYV24084,1
EZYV22113,1
EZYV18901,1
EZYV1383,1
EZYV17869,0
EZYV12606,1
EZYV1981,1
EZYV14730,1
EZYV21844,1
EZYV17992,1
EZYV25442,1
EZYV2978,1
EZYV4283,1
EZYV20930,0
EZYV15944,1
EZYV21539,1
EZYV8205,1
EZYV16872,1
EZYV16160,1
EZYV21863,0
EZYV23798,0
EZYV25171,1
EZYV16005,1
EZYV11274,1
EZYV18627,1
EZYV6142,1
EZYV4454,1
EZYV7707,1
EZYV6304,1
EZYV12047,0
EZYV22847,1
EZYV14148,1
EZYV5460,1
EZYV853,0
EZYV10054,1
EZYV3641,1
EZYV14344,1
EZYV13158,1
EZYV21929,1
EZYV20072,0
EZYV25476,1
EZYV9822,1
EZYV13763,0
EZYV11497,1
EZYV17746,1
EZYV13304,1
EZYV20157,1
EZYV24708,1
EZYV7682,1
EZYV14405,1
EZYV23177,1
EZYV5572,1
EZYV1914,1
EZYV14561,1
EZYV4616,1
EZYV11017,1
EZYV7364,0
EZYV8550,1
EZYV14090,1
EZYV7481,1
EZYV19110,1
EZYV5471,1
EZYV3372,1
EZYV12166,1
EZYV16569,1
EZYV10805,1
EZYV22670,1
EZYV13348,1
EZYV5800,1
EZYV1807,1
EZYV12394,0
EZYV9385,1
EZYV6206,1
EZYV18260,1
EZYV14794,1
EZYV1414,1
EZYV22566,1
EZYV6506,1
EZYV3752,1
EZYV1248,1
EZYV22305,1
EZYV21646,1
EZYV18548,1
EZYV8648,1
EZYV18651,1
EZYV441,1
EZYV16009,1
EZYV13859,1
EZYV20497,1
EZYV24668,1
EZYV2894,1
EZYV963,1
EZYV6031,1
EZYV23308,1
EZYV11572,1
EZYV17584,1
EZYV2793,0
EZYV9630,1
EZYV1787,1
EZYV13168,1
EZYV4427,1
EZYV3895,1
EZYV19453,1
EZYV23983,1
EZYV1250,1
EZYV16049,1
EZYV19307,1
EZYV294,1
EZYV12100,1
EZYV3764,1
EZYV24539,0
EZYV1171,1
EZYV18022,1
EZYV10249,1
EZYV12536,1
EZYV9122,0
EZYV19712,1
EZYV21777,0
EZYV12849,0
EZYV24196,0
EZYV20174,1
EZYV19180,1
EZYV10135,1
EZYV5684,1
EZYV24529,1
EZYV4243,1
EZYV10302,1
EZYV18076,1
EZYV5722,1
EZYV13880,1
EZYV17241,1
EZYV3158,1
EZYV217,1
EZYV5986,0
EZYV23290,1
EZYV14087,1
EZYV161,1
EZYV4721,1
EZYV24953,1
EZYV20787,1
EZYV4998,1
EZYV16214,1
EZYV5076,1
EZYV18467,1
EZYV5793,1
EZYV10601,0
EZYV8465,1
EZYV2122,1
EZYV20661,1
EZYV18713,1
EZYV8639,1
EZYV22454,1
EZYV19978,1
EZYV18715,0
EZYV12480,1
EZYV15815,1
EZYV14060,0
EZYV4811,1
EZYV15607,1
EZYV8109,1
EZYV5378,1
EZYV18228,1
EZYV21457,1
EZYV19229,1
EZYV1055,1
EZYV10339,0
EZYV1093,1
EZYV3991,1
EZYV2976,0
EZYV6488,1
EZYV9064,1
EZYV7757,1
EZYV10264,1
EZYV19070,1
EZYV23607,1
EZYV21139,1
EZYV12407,1
EZYV24949,1
EZYV23019,1
EZYV23889,1
EZYV10341,0
EZYV489,1
EZYV17258,1
EZYV4660,1
EZYV20396,1
EZYV16212,1
EZYV12585,1
EZYV17723,0
EZYV13313,0
EZYV19999,1
EZYV21263,1
EZYV20109,1
EZYV2372,0
EZYV1210,1
EZYV12297,1
EZYV16732,1
EZYV7344,0
EZYV12621,1
EZYV5957,1
EZYV11010,1
EZYV18152,1
EZYV13209,0
EZYV15014,1
EZYV18954,1
EZYV2380,1
EZYV13335,0
EZYV22797,1
EZYV7484,1
EZYV23679,1
EZYV24800,1
EZYV13630,1
EZYV18367,0
EZYV14111,0
EZYV4002,1
EZYV40,1
EZYV12014,1
EZYV25078,1
EZYV16543,1
EZYV14823,1
EZYV19444,0
EZYV11807,0
EZYV2179,1
EZYV19086,1
EZYV23013,0
EZYV11248,1
EZYV4590,0
EZYV5905,1
EZYV9606,1
EZYV10136,1
EZYV20726,1
EZYV12434,1
EZYV15712,0
EZYV13934,0
EZYV13482,1
EZYV17143,1
EZYV4656,1
EZYV1127,1
EZYV24817,1
EZYV13191,1
EZYV2165,1
EZYV21917,1
EZYV15558,1
EZYV964,1
EZYV21202,1
EZYV4691,1
EZYV12944,1
EZYV10828,1
EZYV14243,1
EZYV7083,1
EZYV2255,0
EZYV9821,1
EZYV1061,1
EZYV11156,1
EZYV13936,1
EZYV1889,1
EZYV24821,1
EZYV10219,1
EZYV8643,1
EZYV21023,0
EZYV4995,1
EZYV3104,1
EZYV3274,1
EZYV7194,1
EZYV22703,1
EZYV15862,1
EZYV20308,0
EZYV16022,0
EZYV792,1
EZYV9794,1
EZYV8706,1
EZYV2538,1
EZYV22864,1
EZYV18892,1
EZYV22570,1
EZYV5067,1
EZYV5244,1
EZYV20971,0
EZYV3229,1
EZYV4604,1
EZYV21549,1
EZYV6050,1
EZYV832,1
EZYV24866,1
EZYV23031,1
EZYV8396,1
EZYV24272,1
EZYV5317,1
EZYV2597,0
EZYV3772,1
EZYV1360,1
EZYV19959,1
EZYV12483,1
EZYV25374,1
EZYV14554,1
EZYV16410,1
EZYV18931,1
EZYV10272,1
EZYV983,0
EZYV9597,1
EZYV16048,1
EZYV23539,1
EZYV8796,1
EZYV24422,1
EZYV7562,1
EZYV19099,1
EZYV19369,1
EZYV10570,1
EZYV22320,1
EZYV20411,1
EZYV19348,1
EZYV8034,0
EZYV1665,1
EZYV9655,1
EZYV17547,1
EZYV4641,1
EZYV6788,1
EZYV4399,1
EZYV21979,0
EZYV10406,1
EZYV24184,1
EZYV19088,1
EZYV12918,0
EZYV18391,0
EZYV18785,1
EZYV16431,1
EZYV8876,1
EZYV9840,1
EZYV23573,1
EZYV24023,1
EZYV14750,1
EZYV10986,1
EZYV3381,0
EZYV19532,0
EZYV18790,1
EZYV17157,0
EZYV18288,1
EZYV23470,1
EZYV17800,0
EZYV5511,0
EZYV23540,1
EZYV14418,1
EZYV13084,1
EZYV23073,1
EZYV7847,1
EZYV377,1
EZYV2717,1
EZYV6071,0
EZYV2987,1
EZYV2261,1
EZYV1768,1
EZYV1353,1
EZYV8753,0
EZYV14916,0
EZYV13976,1
EZYV13856,1
EZYV23732,1
EZYV11604,1
EZYV2940,1
EZYV18642,1
EZYV16282,0
EZYV24855,1
EZYV12032,1
EZYV9494,1
EZYV4254,1
EZYV7915,0
EZYV23971,1
EZYV11903,1
EZYV21998,1
EZYV23766,0
EZYV17326,1
EZYV15930,1
EZYV5114,1
EZYV3375,1
EZYV20627,1
EZYV7642,0
EZYV3347,1
EZYV18021,1
EZYV11743,0
EZYV9439,1
EZYV5690,1
EZYV3881,1
EZYV14731,1
EZYV24887,1
EZYV8842,1
EZYV24945,1
EZYV24349,1
EZYV4009,1
EZYV178,1
EZYV5010,1
EZYV6778,1
EZYV8499,1
EZYV2060,1
EZYV7514,1
EZYV8700,0
EZYV16310,0
EZYV15287,1
EZYV10948,1
EZYV9611,1
EZYV6460,1
EZYV14764,1
EZYV3935,1
EZYV21949,1
EZYV22919,1
EZYV1498,0
EZYV11773,1
EZYV20864,0
EZYV16034,1
EZYV4485,1
EZYV12492,1
EZYV14877,1
EZYV23203,1
EZYV5386,0
EZYV5291,1
EZYV20372,1
EZYV565,1
EZYV21599,0
EZYV12936,1
EZYV12590,1
EZYV4578,1
EZYV2321,1
EZYV23941,0
EZYV264,1
EZYV5092,1
EZYV16305,1
EZYV4055,1
EZYV21195,1
EZYV22750,1
EZYV9021,0
EZYV24979,1
EZYV9637,1
EZYV19661,0
EZYV20102,1
EZYV10733,1
EZYV10764,1
EZYV14522,1
EZYV5222,1
EZYV23491,1
EZYV9932,1
EZYV6094,1
EZYV10930,1
EZYV18048,1
EZYV22691,1
EZYV19360,1
EZYV18475,1
EZYV5200,1
EZYV5392,1
EZYV18082,1
EZYV2606,1
EZYV11875,1
EZYV13709,1
EZYV9410,1
EZYV15206,1
EZYV20012,1
EZYV18540,1
EZYV22498,1
EZYV21555,0
EZYV2054,1
EZYV19097,1
EZYV11787,1
EZYV11217,0
EZYV1354,1
EZYV20483,1
EZYV6969,1
EZYV9582,1
EZYV6854,1
EZYV23501,1
EZYV22250,1
EZYV1907,0
EZYV2948,1
EZYV4039,1
EZYV12627,0
EZYV5264,1
EZYV20536,1
EZYV6893,1
EZYV10531,1
EZYV7716,1
EZYV16116,1
EZYV20280,1
EZYV18141,1
EZYV2592,1
EZYV7096,1
EZYV8602,1
EZYV2221,1
EZYV2089,1
EZYV8735,1
EZYV16929,1
EZYV21377,0
EZYV18527,1
EZYV17026,1
EZYV19874,1
EZYV14473,1
EZYV1271,1
EZYV6411,1
EZYV12460,1
EZYV14964,1
EZYV10792,1
EZYV8419,1
EZYV8824,1
EZYV5693,1
EZYV6973,0
EZYV1739,1
EZYV10352,1
EZYV1254,1
EZYV323,1
EZYV24441,1
EZYV3721,1
EZYV21854,1
EZYV11193,1
EZYV9569,0
EZYV11162,0
EZYV24276,1
EZYV4581,1
EZYV693,1
EZYV11769,1
EZYV17648,1
EZYV8609,1
EZYV21901,1
EZYV4071,1
EZYV658,1
EZYV9546,1
EZYV16490,1
EZYV23161,1
EZYV18566,1
EZYV21398,1
EZYV17529,1
EZYV10040,1
EZYV20172,1
EZYV22431,1
EZYV531,1
EZYV22006,1
EZYV10228,1
EZYV12265,1
EZYV464,1
EZYV22915,0
EZYV19422,1
EZYV829,1
EZYV20417,1
EZYV5596,1
EZYV2062,1
EZYV16430,1
EZYV11901,1
EZYV2947,1
EZYV5660,1
EZYV878,0
EZYV12281,0
EZYV10023,1
EZYV6936,1
EZYV2721,1
EZYV6637,1
EZYV19716,1
EZYV8332,1
EZYV12558,1
EZYV3625,1
EZYV10865,1
EZYV126,1
EZYV10674,1
EZYV20610,1
EZYV24882,1
EZYV2105,1
EZYV20580,0
EZYV13351,1
EZYV7341,1
EZYV18828,1
EZYV25240,1
EZYV14459,1
EZYV12623,1
EZYV13359,1
EZYV6052,1
EZYV21240,1
EZYV18637,1
EZYV3877,1
EZYV18293,1
EZYV24331,0
EZYV9453,1
EZYV11557,1
EZYV3716,1
EZYV11339,1
EZYV4237,1
EZYV21846,1
EZYV10590,1
EZYV7743,1
EZYV10809,1
EZYV19783,1
EZYV18613,0
EZYV2915,0
EZYV8957,1
EZYV14264,1
EZYV19830,1
EZYV4452,1
EZYV20146,1
EZYV228,1
EZYV3077,0
EZYV14157,1
EZYV6594,1
EZYV20305,1
EZYV11279,1
EZYV7351,0
EZYV3723,1
EZYV5538,1
EZYV20674,1
EZYV17768,1
EZYV19091,1
EZYV22272,1
EZYV15370,1
EZYV21341,1
EZYV10854,0
EZYV5795,1
EZYV9251,1
EZYV20357,1
EZYV4312,1
EZYV14129,1
EZYV22838,1
EZYV17413,1
EZYV15982,1
EZYV21308,1
EZYV6098,1
EZYV4342,1
EZYV17439,1
EZYV2407,1
EZYV6454,1
EZYV10123,1
EZYV23396,1
EZYV1996,1
EZYV11984,1
EZYV12740,1
EZYV21862,1
EZYV12769,1
EZYV20112,1
EZYV25180,0
EZYV14355,1
EZYV966,1
EZYV25287,1
EZYV22923,1
EZYV10841,0
EZYV12953,0
EZYV11148,1
EZYV6759,1
EZYV16558,1
EZYV11108,0
EZYV9624,1
EZYV25117,0
EZYV20123,1
EZYV14183,0
EZYV17743,0
EZYV5394,1
EZYV7281,1
EZYV3900,1
EZYV19250,1
EZYV10068,1
EZYV20106,1
EZYV11918,0
EZYV10749,0
EZYV19821,1
EZYV6264,1
EZYV1046,1
EZYV6127,1
EZYV9916,1
EZYV22046,1
EZYV11020,1
EZYV8160,1
EZYV3390,1
EZYV3521,1
EZYV14027,0
EZYV1266,1
EZYV23133,1
EZYV5469,1
EZYV5833,1
EZYV14463,1
EZYV19811,1
EZYV12037,1
EZYV6899,1
EZYV12183,1
EZYV24496,1
EZYV2537,1
EZYV12325,1
EZYV2706,0
EZYV2651,1
EZYV20624,1
EZYV9539,1
EZYV14688,1
EZYV632,1
EZYV2395,1
EZYV22791,1
EZYV7955,1
EZYV24183,1
EZYV12637,1
EZYV690,1
EZYV13162,1
EZYV25138,1
EZYV5899,1
EZYV22034,1
EZYV15311,1
EZYV1784,1
EZYV5622,0
EZYV25463,1
EZYV7688,1
EZYV22850,0
EZYV6638,0
EZYV2986,1
EZYV16934,1
EZYV11478,1
EZYV845,1
EZYV17896,0
EZYV21717,1
EZYV18137,1
EZYV5430,1
EZYV4158,0
EZYV5013,1
EZYV24517,1
EZYV11444,1
EZYV8662,1
EZYV8562,1
EZYV23785,1
EZYV24381,1
EZYV14982,1
EZYV14892,1
EZYV8338,0
EZYV9496,1
EZYV10747,0
EZYV24091,1
EZYV17138,1
EZYV19058,1
EZYV5945,0
EZYV2095,1
EZYV10369,0
EZYV21423,1
EZYV15609,1
EZYV25129,0
EZYV1089,1
EZYV2668,1
EZYV14226,1
EZYV6181,1
EZYV22175,1
EZYV4065,0
EZYV16332,0
EZYV10869,1
EZYV10472,1
EZYV5066,0
EZYV10035,1
EZYV9123,1
EZYV11862,0
EZYV18334,1
EZYV22683,1
EZYV13491,1
EZYV12009,0
EZYV1987,1
EZYV14026,0
EZYV2000,1
EZYV5374,1
EZYV12031,0
EZYV119,1
EZYV9270,1
EZYV19344,0
EZYV5532,1
EZYV6159,0
EZYV20274,0
EZYV22674,1
EZYV17942,1
EZYV2676,1
EZYV13951,0
EZYV12524,1
EZYV1844,1
EZYV18236,1
EZYV9635,1
EZYV4924,1
EZYV7907,1
EZYV19201,1
EZYV15251,1
EZYV16442,1
EZYV8295,1
EZYV7610,0
EZYV8583,0
EZYV24718,1
EZYV4430,1
EZYV5063,1
EZYV997,1
EZYV16745,1
EZYV6227,1
EZYV7996,1
EZYV17273,1
EZYV21913,1
EZYV3621,1
EZYV11957,1
EZYV5724,1
EZYV11723,1
EZYV15337,1
EZYV9900,0
EZYV10561,1
EZYV24492,1
EZYV18095,1
EZYV23059,1
EZYV04,0
EZYV11179,1
EZYV4285,1
EZYV9737,0
EZYV10890,0
EZYV18996,0
EZYV2405,1
EZYV16801,1
EZYV9545,1
EZYV24700,1
EZYV16418,1
EZYV10166,1
EZYV1101,1
EZYV12267,1
EZYV18532,1
EZYV9489,1
EZYV18902,0
EZYV3742,1
EZYV1415,1
EZYV21531,1
EZYV19555,1
EZYV9581,1
EZYV16633,1
EZYV442,1
EZYV2718,1
EZYV9992,1
EZYV5854,0
EZYV18065,0
EZYV3277,0
EZYV592,1
EZYV13900,0
EZYV25309,0
EZYV10861,1
EZYV18158,1
EZYV6017,1
EZYV18851,1
EZYV20176,1
EZYV12062,1
EZYV2131,0
EZYV17024,1
EZYV5787,1
EZYV608,0
EZYV7459,0
EZYV8455,1
EZYV2173,1
EZYV25386,1
EZYV1352,1
EZYV16889,1
EZYV8861,1
EZYV6258,0
EZYV14562,1
EZYV25345,1
EZYV20867,1
EZYV5474,1
EZYV460,1
EZYV19928,1
EZYV9095,0
EZYV5938,0
EZYV25047,1
EZYV12601,1
EZYV24220,0
EZYV17765,1
EZYV13385,1
EZYV19883,0
EZYV22749,1
EZYV21445,1
EZYV11266,1
EZYV8995,1
EZYV16574,1
EZYV830,1
EZYV21972,0
EZYV25436,1
EZYV9616,0
EZYV14032,1
EZYV11689,0
EZYV8144,0
EZYV10404,1
EZYV17843,1
EZYV14881,1
EZYV400,1
EZYV18027,1
EZYV16563,1
EZYV12851,1
EZYV19932,1
EZYV18259,1
EZYV18363,1
EZYV10557,1
EZYV9487,1
EZYV5645,1
EZYV3398,1
EZYV9523,0
EZYV17244,1
EZYV21890,1
EZYV12016,1
EZYV11534,0
EZYV14653,1
EZYV15658,0
EZYV9838,1
EZYV10800,1
EZYV19168,1
EZYV2529,1
EZYV21434,1
EZYV24701,1
EZYV21152,1
EZYV15514,1
EZYV6779,0
EZYV8290,1
EZYV3856,1
EZYV23494,1
EZYV6248,0
EZYV18020,0
EZYV25480,1
EZYV8028,1
EZYV13673,1
EZYV22883,1
EZYV12038,1
EZYV19686,1
EZYV128,1
EZYV4126,0
EZYV4303,1
EZYV5875,0
EZYV22872,1
EZYV25350,1
EZYV10959,1
EZYV1173,1
EZYV25075,1
EZYV1877,1
EZYV3261,1
EZYV9063,1
EZYV8540,1
EZYV12667,1
EZYV13483,1
EZYV14800,1
EZYV13893,0
EZYV12510,1
EZYV14315,1
EZYV10131,1
EZYV16705,1
EZYV4482,1
EZYV19973,1
EZYV13045,1
EZYV22386,1
EZYV24911,1
EZYV4155,1
EZYV23583,0
EZYV3352,0
EZYV10562,0
EZYV19913,1
EZYV23350,1
EZYV23216,0
EZYV25279,1
EZYV12630,1
EZYV8568,0
EZYV17616,0
EZYV8038,0
EZYV12432,0
EZYV731,1
EZYV7215,1
EZYV15518,0
EZYV5237,1
EZYV13182,1
EZYV15241,1
EZYV22645,1
EZYV20375,1
EZYV21892,0
EZYV12522,1
EZYV8407,0
EZYV5120,0
EZYV8121,1
EZYV15474,1
EZYV4681,1
EZYV20289,1
EZYV11170,1
EZYV19851,0
EZYV22469,1
EZYV24460,1
EZYV4271,0
EZYV19827,0
EZYV72,1
EZYV2914,1
EZYV22393,1
EZYV20952,0
EZYV1343,1
EZYV6632,1
EZYV11747,1
EZYV15248,1
EZYV19582,0
EZYV11149,1
EZYV5682,1
EZYV23232,1
EZYV7588,1
EZYV1657,1
EZYV20712,1
EZYV11762,1
EZYV5400,1
EZYV17162,1
EZYV23973,1
EZYV01,0
EZYV16068,0
EZYV17122,1
EZYV1481,1
EZYV10954,1
EZYV14579,0
EZYV11678,1
EZYV546,1
EZYV4683,1
EZYV10260,0
EZYV1940,1
EZYV22357,1
EZYV2965,1
EZYV1673,0
EZYV7966,1
EZYV21990,1
EZYV15179,1
EZYV8772,0
EZYV20912,1
EZYV17904,0
EZYV7622,1
EZYV15446,1
EZYV13104,1
EZYV15734,1
EZYV16628,1
EZYV13054,1
EZYV13453,1
EZYV5542,0
EZYV13697,1
EZYV15109,1
EZYV21452,0
EZYV12311,1
EZYV2172,0
EZYV22410,0
EZYV23945,1
EZYV12909,1
EZYV17230,0
EZYV24286,0
EZYV14702,1
EZYV7461,1
EZYV11734,1
EZYV17489,1
EZYV12684,0
EZYV14156,1
EZYV7578,1
EZYV13555,1
EZYV7092,1
EZYV12274,0
EZYV19646,1
EZYV15291,1
EZYV3990,0
EZYV1777,1
EZYV17395,1
EZYV7585,1
EZYV5228,0
EZYV16676,1
EZYV9845,1
EZYV8925,1
EZYV3045,1
EZYV14532,1
EZYV4079,1
EZYV5600,1
EZYV5969,1
EZYV11847,1
EZYV3827,1
EZYV16735,1
EZYV10894,1
EZYV6246,1
EZYV24675,1
EZYV10609,1
EZYV24825,1
EZYV12121,1
EZYV13540,1
EZYV7925,1
EZYV7569,1
EZYV9879,1
EZYV7884,1
EZYV19780,1
EZYV7916,1
EZYV22959,1
EZYV20119,0
EZYV8170,1
EZYV7511,1
EZYV2675,1
EZYV18679,1
EZYV2674,0
EZYV23336,0
EZYV6307,1
EZYV15201,1
EZYV4052,1
EZYV3346,1
EZYV14809,1
EZYV7706,1
EZYV18903,1
EZYV24644,1
EZYV13557,1
EZYV4827,1
EZYV23338,1
EZYV12611,1
EZYV7854,0
EZYV4458,0
EZYV22252,1
EZYV6935,0
EZYV13154,1
EZYV16587,1
EZYV9226,1
EZYV6120,1
EZYV16968,1
EZYV16434,0
EZYV25163,1
EZYV23069,1
EZYV16336,1
EZYV772,1
EZYV13160,1
EZYV1265,1
EZYV1082,1
EZYV20556,1
EZYV6938,1
EZYV5274,0
EZYV19858,0
EZYV2215,0
EZYV11919,1
EZYV10269,1
EZYV5720,0
EZYV12928,0
EZYV18497,1
EZYV17624,1
EZYV1683,1
EZYV3206,1
EZYV6738,1
EZYV10995,1
EZYV6945,1
EZYV21245,1
EZYV9853,1
EZYV8855,1
EZYV5470,0
EZYV17687,1
EZYV14216,1
EZYV12094,1
EZYV12213,1
EZYV3513,0
EZYV14416,1
EZYV17254,1
EZYV17622,1
EZYV14135,1
EZYV8848,1
EZYV15123,1
EZYV11011,1
EZYV15027,1
EZYV23035,1
EZYV13475,1
EZYV15866,1
EZYV16133,1
EZYV11856,1
EZYV10109,0
EZYV24909,1
EZYV24574,1
EZYV12481,1
EZYV7368,1
EZYV8767,1
EZYV23255,0
EZYV18212,1
EZYV20678,1
EZYV20974,1
EZYV17000,0
EZYV6989,1
EZYV13569,1
EZYV25040,0
EZYV227,1
EZYV23769,1
EZYV18966,1
EZYV4038,1
EZYV2701,0
EZYV25083,1
EZYV1494,1
EZYV2396,1
EZYV19569,1
EZYV14151,1
EZYV618,1
EZYV16188,1
EZYV24622,1
EZYV10880,1
EZYV15501,0
EZYV15424,1
EZYV20345,1
EZYV6666,1
EZYV11595,1
EZYV23640,1
EZYV5857,1
EZYV20412,1
EZYV7246,1
EZYV17755,0
EZYV12454,1
EZYV7609,1
EZYV8382,1
EZYV7764,1
EZYV17391,0
EZYV794,1
EZYV12931,0
EZYV9419,1
EZYV20569,1
EZYV10171,1
EZYV17951,1
EZYV20743,0
EZYV25036,1
EZYV20780,1
EZYV15770,1
EZYV21438,1
EZYV24248,0
EZYV7548,1
EZYV19061,1
EZYV22726,1
EZYV11125,1
EZYV1107,1
EZYV17056,1
EZYV23005,1
EZYV21713,1
EZYV23751,1
EZYV16906,1
EZYV17600,1
EZYV14479,1
EZYV24826,0
EZYV19766,1
EZYV17070,1
EZYV14435,1
EZYV13573,1
EZYV3475,1
EZYV14367,1
EZYV11518,1
EZYV22755,1
EZYV22917,1
EZYV6656,1
EZYV15054,1
EZYV7499,1
EZYV14048,1
EZYV12343,1
EZYV10585,0
EZYV23581,1
EZYV11376,1
EZYV5238,1
EZYV4855,1
EZYV20986,1
EZYV17457,1
EZYV7704,1
EZYV15193,1
EZYV3149,1
EZYV11203,1
EZYV11682,1
EZYV10715,1
EZYV22957,1
EZYV9980,1
EZYV17637,1
EZYV19499,0
EZYV11204,1
EZYV1405,1
EZYV2700,1
EZYV23950,1
EZYV17790,1
EZYV2106,1
EZYV16696,1
EZYV13533,1
EZYV5723,0
EZYV17492,1
EZYV7393,1
EZYV25320,1
EZYV9194,0
EZYV24813,1
EZYV15032,1
EZYV24500,1
EZYV15002,0
EZYV4396,1
EZYV6655,1
EZYV19759,1
EZYV25317,1
EZYV14131,1
EZYV3818,1
EZYV24717,1
EZYV5580,1
EZYV5072,1
EZYV8072,1
EZYV674,1
EZYV24989,1
EZYV24028,1
EZYV7631,1
EZYV15821,1
EZYV1351,1
EZYV7659,1
EZYV10179,0
EZYV14770,1
EZYV14948,1
EZYV2815,1
EZYV9815,1
EZYV24829,1
EZYV14013,1
EZYV5826,1
EZYV508,1
EZYV20219,1
EZYV16553,0
EZYV17104,1
EZYV13715,1
EZYV22547,1
EZYV7250,1
EZYV5997,1
EZYV6526,1
EZYV16312,1
EZYV9604,1
EZYV14634,1
EZYV11026,1
EZYV18782,0
EZYV17059,1
EZYV19540,1
EZYV15989,1
EZYV14022,1
EZYV21140,1
EZYV18841,0
EZYV2193,1
EZYV10100,1
EZYV2916,0
EZYV2047,1
EZYV11370,1
EZYV20450,1
EZYV16302,1
EZYV10750,1
EZYV10487,1
EZYV4229,1
EZYV17921,1
EZYV13153,1
EZYV1534,0
EZYV25236,1
EZYV6765,1
EZYV6783,1
EZYV14331,0
EZYV5404,1
EZYV16869,1
EZYV86,1
EZYV21375,1
EZYV8585,1
EZYV14587,1
EZYV23429,1
EZYV13041,1
EZYV19328,0
EZYV9203,1
EZYV6415,1
EZYV8849,1
EZYV22085,0
EZYV15584,1
EZYV10168,0
EZYV19181,0
EZYV15300,1
EZYV16162,1
EZYV15257,0
EZYV14998,1
EZYV15581,1
EZYV22086,1
EZYV22316,1
EZYV7790,0
EZYV18949,1
EZYV5337,1
EZYV14790,1
EZYV17418,1
EZYV20528,1
EZYV13643,1
EZYV12774,1
EZYV14353,1
EZYV19064,1
EZYV23908,1
EZYV14719,1
EZYV6505,1
EZYV13020,1
EZYV2807,1
EZYV16052,1
EZYV3555,0
EZYV21615,1
EZYV9551,1
EZYV22869,1
EZYV3349,1
EZYV15731,1
EZYV8507,1
EZYV16356,1
EZYV25401,0
EZYV3824,1
EZYV19880,1
EZYV7666,0
EZYV10994,0
EZYV7120,1
EZYV8350,1
EZYV23566,1
EZYV15999,1
EZYV3413,1
EZYV8506,1
EZYV242,1
EZYV24411,0
EZYV1526,0
EZYV13495,1
EZYV13778,1
EZYV20359,1
EZYV10001,0
EZYV18237,0
EZYV8854,1
EZYV5865,1
EZYV20353,1
EZYV6982,1
EZYV11278,1
EZYV11591,1
EZYV6777,0
EZYV16909,1
EZYV38,1
EZYV24834,1
EZYV11332,1
EZYV12096,1
EZYV6174,1
EZYV24477,1
EZYV10773,1
EZYV25378,0
EZYV3971,0
EZYV8561,1
EZYV2211,1
EZYV1559,1
EZYV7043,0
EZYV5802,1
EZYV2935,0
EZYV21812,0
EZYV1743,1
EZYV7423,1
EZYV2535,0
EZYV4503,1
EZYV21688,1
EZYV17377,1
EZYV24571,1
EZYV10978,1
EZYV3448,1
EZYV12244,1
EZYV14321,1
EZYV14475,1
EZYV141,1
EZYV4238,1
EZYV2681,1
EZYV17011,1
EZYV3917,1
EZYV14267,1
EZYV5443,1
EZYV25034,1
EZYV13220,0
EZYV10563,1
EZYV20668,1
EZYV6219,1
EZYV2293,1
EZYV18474,1
EZYV4310,0
EZYV3085,1
EZYV11991,0
EZYV13350,1
EZYV4671,1
EZYV22473,1
EZYV5710,0
EZYV22247,1
EZYV21395,1
EZYV16195,0
EZYV4850,1
EZYV13899,0
EZYV611,1
EZYV2623,1
EZYV19326,1
EZYV23044,0
EZYV12024,1
EZYV25226,1
EZYV17290,1
EZYV6972,1
EZYV13819,0
EZYV17387,1
EZYV11554,1
EZYV16816,1
EZYV3883,0
EZYV6420,1
EZYV6539,1
EZYV14860,1
EZYV7777,1
EZYV18509,0
EZYV14538,1
EZYV15738,1
EZYV18757,1
EZYV3156,0
EZYV16236,1
EZYV12470,0
EZYV19708,1
EZYV25082,1
EZYV23810,1
EZYV9544,1
EZYV11384,1
EZYV10356,1
EZYV6888,0
EZYV17981,0
EZYV21570,0
EZYV6603,1
EZYV12012,0
EZYV2454,1
EZYV23280,1
EZYV13352,1
EZYV23745,1
EZYV15189,1
EZYV11652,1
EZYV25269,1
EZYV5022,1
EZYV4270,1
EZYV8020,1
EZYV2313,1
EZYV4988,0
EZYV12198,1
EZYV22520,1
EZYV18111,1
EZYV3068,1
EZYV8544,1
EZYV11261,1
EZYV17695,0
EZYV21920,1
EZYV18231,0
EZYV7546,1
EZYV13837,0
EZYV13615,1
EZYV16342,1
EZYV22110,1
EZYV18724,1
EZYV12110,1
EZYV13804,1
EZYV19349,1
EZYV16542,1
EZYV16268,1
EZYV16272,1
EZYV12905,1
EZYV8333,1
EZYV6810,1
EZYV18177,0
EZYV6587,0
EZYV2150,1
EZYV24407,0
EZYV17982,1
EZYV122,0
EZYV12845,1
EZYV17972,1
EZYV19860,1
EZYV14159,1
EZYV9488,1
EZYV18301,1
EZYV10316,1
EZYV17397,1
EZYV2774,1
EZYV17621,1
EZYV7503,1
EZYV4974,1
EZYV17995,1
EZYV14436,1
EZYV11147,1
EZYV8196,1
EZYV7950,1
EZYV6150,1
EZYV11219,1
EZYV15797,0
EZYV6937,1
EZYV5589,1
EZYV4240,1
EZYV24165,1
EZYV12340,1
EZYV8048,1
EZYV20024,1
EZYV4762,1
EZYV15452,1
EZYV2085,0
EZYV7100,1
EZYV7784,1
EZYV4863,0
EZYV1013,1
EZYV21351,1
EZYV15744,1
EZYV23076,1
EZYV15135,1
EZYV16241,0
EZYV24546,1
EZYV17956,1
EZYV15942,0
EZYV24998,1
EZYV10687,1
EZYV3595,1
EZYV25122,1
EZYV6342,1
EZYV9461,1
EZYV17069,0
EZYV24843,1
EZYV9310,0
EZYV20093,1
EZYV17091,1
EZYV22248,1
EZYV7594,1
EZYV2429,1
EZYV15614,1
EZYV764,1
EZYV9459,0
EZYV9402,1
EZYV3177,1
EZYV13161,0
EZYV12729,1
EZYV5236,1
EZYV11690,1
EZYV15767,0
EZYV17851,1
EZYV14531,1
EZYV4089,1
EZYV12160,0
EZYV18791,1
EZYV6728,1
EZYV11746,1
EZYV25376,0
EZYV14066,1
EZYV5034,1
EZYV1749,1
EZYV921,1
EZYV13422,1
EZYV22759,1
EZYV11194,1
EZYV13,1
EZYV5335,1
EZYV8369,1
EZYV21396,1
EZYV15326,0
EZYV22584,0
EZYV9413,1
EZYV12061,1
EZYV2738,1
EZYV3193,0
EZYV8146,1
EZYV25222,1
EZYV22986,1
EZYV25174,1
EZYV15911,1
EZYV16831,1
EZYV14130,1
EZYV4860,1
EZYV12171,1
EZYV13903,1
EZYV17180,1
EZYV22713,1
EZYV2826,1
EZYV2292,1
EZYV18388,1
EZYV25116,1
EZYV22604,1
EZYV15996,1
EZYV5336,0
EZYV5158,1
EZYV22228,1
EZYV9757,1
EZYV13247,1
EZYV11462,0
EZYV4657,1
EZYV7080,1
EZYV23360,1
EZYV8896,1
EZYV11491,1
EZYV14067,0
EZYV24756,0
EZYV2513,0
EZYV3230,0
EZYV1304,1
EZYV22899,1
EZYV19325,1
EZYV22052,1
EZYV11695,0
EZYV11379,1
EZYV15694,1
EZYV7409,1
EZYV17151,1
EZYV9860,1
EZYV4650,1
EZYV11353,1
EZYV6117,1
EZYV14946,1
EZYV2476,1
EZYV13546,1
EZYV7818,1
EZYV8949,1
EZYV15198,1
EZYV20968,1
EZYV5055,1
EZYV6841,1
EZYV11139,0
EZYV23211,0
EZYV13396,1
EZYV12359,0
EZYV15927,1
EZYV17779,1
EZYV6441,1
EZYV19521,1
EZYV20042,1
EZYV18122,1
EZYV223,1
EZYV12619,1
EZYV17279,0
EZYV20869,0
EZYV16038,0
EZYV21260,1
EZYV15701,1
EZYV8728,0
EZYV15894,1
EZYV17051,1
EZYV11625,1
EZYV18917,1
EZYV16166,1
EZYV17957,1
EZYV23331,1
EZYV13399,1
EZYV8443,1
EZYV5373,1
EZYV25258,1
EZYV18418,1
EZYV17854,1
EZYV14211,1
EZYV5464,1
EZYV11200,1
EZYV7931,1
EZYV11873,0
EZYV19040,1
EZYV3299,1
EZYV23268,0
EZYV21320,1
EZYV17052,1
EZYV1123,1
EZYV11385,1
EZYV16621,1
EZYV21101,1
EZYV22984,1
EZYV6062,1
EZYV17602,1
EZYV15527,1
EZYV4946,1
EZYV19277,1
EZYV18274,0
EZYV9915,1
EZYV25346,1
EZYV19122,1
EZYV4871,0
EZYV19012,0
EZYV23182,1
EZYV18661,0
EZYV9319,1
EZYV22827,1
EZYV6968,1
EZYV22441,0
EZYV168,0
EZYV24050,0
EZYV2884,1
EZYV915,1
EZYV11276,1
EZYV20324,1
EZYV11797,0
EZYV16407,1
EZYV9051,1
EZYV3028,1
EZYV1519,0
EZYV64,1
EZYV7498,1
EZYV12396,1
EZYV8021,1
EZYV13855,1
EZYV2336,0
EZYV24122,1
EZYV12664,1
EZYV20336,1
EZYV25371,1
EZYV17246,1
EZYV15972,1
EZYV6929,1
EZYV19346,1
EZYV15409,1
EZYV18787,1
EZYV6430,1
EZYV1052,1
EZYV519,0
EZYV7930,1
EZYV15994,0
EZYV19357,1
EZYV4942,1
EZYV12093,0
EZYV19213,1
EZYV6007,0
EZYV17580,1
EZYV7265,1
EZYV11939,0
EZYV10784,1
EZYV16734,0
EZYV21043,1
EZYV1493,1
EZYV2697,0
EZYV19066,1
EZYV3195,1
EZYV14289,1
EZYV724,1
EZYV11346,1
EZYV12834,1
EZYV12816,1
EZYV13358,1
EZYV9292,1
EZYV21038,1
EZYV20115,1
EZYV18394,1
EZYV12426,1
EZYV10963,1
EZYV1486,1
EZYV23777,0
EZYV21319,0
EZYV19956,1
EZYV10540,1
EZYV3469,1
EZYV1767,1
EZYV239,1
EZYV23977,1
EZYV16138,1
EZYV10697,1
EZYV20198,1
EZYV2174,0
EZYV9905,1
EZYV2202,1
EZYV18417,1
EZYV15891,1
EZYV23224,1
EZYV2028,1
EZYV12412,0
EZYV2044,0
EZYV9718,1
EZYV7662,1
EZYV1150,1
EZYV20950,1
EZYV1931,1
EZYV1001,0
EZYV20128,1
EZYV4973,1
EZYV11440,1
EZYV9954,1
EZYV21992,1
EZYV6823,1
EZYV1172,0
EZYV12852,0
EZYV5041,1
EZYV9960,1
EZYV20573,1
EZYV4118,1
EZYV20014,1
EZYV25341,1
EZYV19416,1
EZYV1337,1
EZYV5135,1
EZYV20998,1
EZYV16157,1
EZYV19908,1
EZYV20282,1
EZYV24983,1
EZYV11354,1
EZYV12581,1
EZYV12256,1
EZYV12153,1
EZYV16345,1
EZYV15357,1
EZYV3781,1
EZYV18148,1
EZYV16814,1
EZYV24519,1
EZYV25347,1
EZYV2600,1
EZYV8739,1
EZYV2958,1
EZYV16650,1
EZYV4338,1
EZYV25132,1
EZYV11293,1
EZYV43,1
EZYV17676,0
EZYV17947,0
EZYV10394,1
EZYV4783,1
EZYV971,1
EZYV22710,1
EZYV18929,0
EZYV1903,1
EZYV12663,1
EZYV20625,1
EZYV10587,1
EZYV280,1
EZYV15403,1
EZYV2147,1
EZYV25445,1
EZYV10835,1
EZYV23288,1
EZYV4786,1
EZYV21636,1
EZYV8088,1
EZYV25304,1
EZYV20521,1
EZYV2967,1
EZYV23066,1
EZYV14317,1
EZYV10793,1
EZYV10868,0
EZYV11777,1
EZYV6475,0
EZYV2863,0
EZYV20735,1
EZYV15857,1
EZYV1372,1
EZYV575,1
EZYV3735,1
EZYV17150,1
EZYV23609,0
EZYV25329,1
EZYV20047,1
EZYV18808,1
EZYV4518,1
EZYV1524,1
EZYV12463,1
EZYV22463,0
EZYV17214,1
EZYV20691,1
EZYV10657,1
EZYV776,1
EZYV18089,1
EZYV18682,1
EZYV8120,1
EZYV8248,1
EZYV12672,1
EZYV15465,1
EZYV6191,1
EZYV15010,1
EZYV22187,1
EZYV15589,1
EZYV10496,0
EZYV14569,1
EZYV11636,1
EZYV5341,1
EZYV8182,1
EZYV3552,1
EZYV6361,1
EZYV8055,1
EZYV20927,1
EZYV1778,1
EZYV24400,1
EZYV16862,1
EZYV18328,1
EZYV22354,1
EZYV3933,1
EZYV2641,0
EZYV24567,1
EZYV12526,1
EZYV15368,1
EZYV21888,1
EZYV19920,1
EZYV6459,1
EZYV21246,1
EZYV23602,1
EZYV5943,0
EZYV3240,1
EZYV8277,1
EZYV11617,1
EZYV14298,1
EZYV24837,1
EZYV9907,1
EZYV23131,1
EZYV21409,1
EZYV1850,1
EZYV20011,1
EZYV15882,0
EZYV19242,0
EZYV24540,0
EZYV19301,1
EZYV1285,1
EZYV4513,1
EZYV16233,1
EZYV17709,0
EZYV2201,1
EZYV10130,1
EZYV602,1
EZYV16805,0
EZYV14952,1
EZYV9032,1
EZYV12456,1
EZYV5406,1
EZYV14262,1
EZYV2399,1
EZYV6586,1
EZYV6030,1
EZYV6958,1
EZYV9513,1
EZYV11942,1
EZYV18305,1
EZYV909,1
EZYV6956,1
EZYV8527,0
EZYV4800,1
EZYV21322,1
EZYV4404,1
EZYV7404,0
EZYV15539,1
EZYV20936,1
EZYV23806,1
EZYV17076,1
EZYV2634,1
EZYV23838,1
EZYV7452,0
EZYV16953,0
EZYV24558,1
EZYV20549,0
EZYV23415,0
EZYV23195,1
EZYV16254,1
EZYV24325,1
EZYV3394,1
EZYV23083,1
EZYV20764,1
EZYV12982,1
EZYV8953,1
EZYV842,0
EZYV9851,1
EZYV20776,1
EZYV18953,1
EZYV22822,1
EZYV12209,0
EZYV20436,1
EZYV11874,0
EZYV12789,1
EZYV12429,1
EZYV10087,1
EZYV5702,1
EZYV23782,1
EZYV12250,1
EZYV17085,0
EZYV12095,1
EZYV12734,1
EZYV10524,1
EZYV14100,1
EZYV18927,1
EZYV19869,1
EZYV13333,1
EZYV21880,1
EZYV22718,0
EZYV12602,1
EZYV22015,1
EZYV1647,1
EZYV19650,0
EZYV622,1
EZYV18767,1
EZYV19183,1
EZYV24652,1
EZYV24174,1
EZYV3719,1
EZYV20876,1
EZYV5029,1
EZYV1660,1
EZYV3466,1
EZYV20791,1
EZYV23870,1
EZYV11093,1
EZYV10499,0
EZYV2781,1
EZYV21927,1
EZYV12075,0
EZYV18402,0
EZYV4493,1
EZYV11681,1
EZYV18113,1
EZYV2465,1
EZYV25061,1
EZYV2666,1
EZYV5490,1
EZYV14180,1
EZYV15611,0
EZYV17218,1
EZYV22795,1
EZYV292,0
EZYV11553,1
EZYV8336,1
EZYV20338,1
EZYV10132,1
EZYV15015,1
EZYV5933,1
EZYV12891,0
EZYV17134,0
EZYV20615,1
EZYV15354,1
EZYV7220,1
EZYV1169,1
EZYV11768,1
EZYV18922,0
EZYV10510,0
EZYV18297,1
EZYV7903,1
EZYV18180,1
EZYV409,1
EZYV11909,1
EZYV1083,1
EZYV19657,1
EZYV10780,1
EZYV24856,1
EZYV10378,1
EZYV16473,0
EZYV23791,1
EZYV4391,1
EZYV10744,1
EZYV1382,1
EZYV17890,1
EZYV13403,0
EZYV6272,1
EZYV24395,1
EZYV7634,1
EZYV19048,1
EZYV9088,1
EZYV6329,1
EZYV17496,1
EZYV14453,1
EZYV6445,0
EZYV11249,1
EZYV10164,0
EZYV10886,1
EZYV20758,1
EZYV10622,1
EZYV13952,0
EZYV13081,1
EZYV22157,1
EZYV22114,1
EZYV8902,1
EZYV24602,1
EZYV22291,1
EZYV3525,1
EZYV6009,1
EZYV24589,1
EZYV2526,0
EZYV16311,1
EZYV3992,0
EZYV20452,1
EZYV7939,1
EZYV3370,1
EZYV12391,1
EZYV22050,1
EZYV20885,0
EZYV13287,1
EZYV5382,1
EZYV6959,1
EZYV6090,1
EZYV22913,1
EZYV9140,1
EZYV8345,1
EZYV22549,0
EZYV17927,1
EZYV3682,1
EZYV12187,1
EZYV1721,1
EZYV2433,1
EZYV24453,1
EZYV22213,1
EZYV24724,1
EZYV22831,1
EZYV8050,1
EZYV14160,1
EZYV2195,1
EZYV14580,1
EZYV15183,1
EZYV17097,1
EZYV6674,1
EZYV10359,1
EZYV12957,1
EZYV15923,0
EZYV14507,1
EZYV16663,1
EZYV13346,1
EZYV22638,1
EZYV21633,1
EZYV13796,1
EZYV13679,1
EZYV2181,1
EZYV18300,1
EZYV17870,1
EZYV24481,1
EZYV15498,1
EZYV13632,1
EZYV6386,0
EZYV22886,1
EZYV8307,0
EZYV11963,1
EZYV23363,1
EZYV6357,1
EZYV20094,0
EZYV14931,1
EZYV8665,0
EZYV2920,1
EZYV12857,0
EZYV446,0
EZYV13972,1
EZYV13360,1
EZYV5202,1
EZYV7822,1
EZYV21793,1
EZYV7052,1
EZYV15764,1
EZYV11691,1
EZYV14016,1
EZYV19386,1
EZYV25107,1
EZYV19113,1
EZYV24336,1
EZYV20697,1
EZYV21054,1
EZYV23981,1
EZYV19149,1
EZYV19193,1
EZYV21315,0
EZYV13254,1
EZYV495,1
EZYV10016,1
EZYV22970,1
EZYV5931,1
EZYV21050,0
EZYV11409,1
EZYV13779,1
EZYV1039,1
EZYV4926,1
EZYV10221,1
EZYV3984,0
EZYV11316,1
EZYV5138,1
EZYV10271,1
EZYV11537,1
EZYV16867,1
EZYV14472,1
EZYV15398,1
EZYV7372,1
EZYV9588,1
EZYV12150,1
EZYV4688,1
EZYV15143,1
EZYV1780,1
EZYV11084,1
EZYV10042,0
EZYV19749,1
EZYV8603,1
EZYV24863,1
EZYV9040,0
EZYV24934,1
EZYV18506,1
EZYV5360,1
EZYV14322,1
EZYV22494,0
EZYV7736,1
EZYV5798,1
EZYV3116,1
EZYV19075,1
EZYV344,1
EZYV3522,0
EZYV22715,1
EZYV2185,1
EZYV959,1
EZYV8204,0
EZYV12817,1
EZYV20421,1
EZYV24667,1
EZYV21391,1
EZYV8118,1
EZYV19628,1
EZYV13363,1
EZYV24709,1
EZYV23669,1
EZYV22865,0
EZYV9348,1
EZYV24264,1
EZYV4912,1
EZYV15659,1
EZYV16107,1
EZYV10492,1
EZYV3669,1
EZYV7134,1
EZYV13227,0
EZYV21040,0
EZYV17998,1
EZYV12569,1
EZYV17074,1
EZYV21208,1
EZYV2796,1
EZYV10807,1
EZYV19816,1
EZYV10739,1
EZYV6355,1
EZYV22164,0
EZYV24878,1
EZYV14465,1
EZYV22989,1
EZYV22381,1
EZYV5351,1
EZYV2363,1
EZYV21053,1
EZYV8005,1
EZYV21447,1
EZYV9376,1
EZYV17449,1
EZYV16492,1
EZYV14099,1
EZYV24131,0
EZYV20386,1
EZYV2872,1
EZYV2237,1
EZYV15256,0
EZYV22905,1
EZYV8666,0
EZYV21978,1
EZYV21088,1
EZYV6382,1
EZYV4366,0
EZYV21718,1
EZYV13098,1
EZYV6735,1
EZYV24209,1
EZYV20224,1
EZYV19373,0
EZYV14265,1
EZYV8358,1
EZYV4619,0
EZYV2308,1
EZYV1033,1
EZYV1658,1
EZYV19562,1
EZYV22592,1
EZYV16847,1
EZYV14691,1
EZYV15461,1
EZYV24078,1
EZYV24295,1
EZYV6774,0
EZYV13744,0
EZYV22406,1
EZYV8260,1
EZYV17482,1
EZYV13625,1
EZYV18658,1
EZYV10118,0
EZYV22037,1
EZYV16273,1
EZYV6569,1
EZYV8567,1
EZYV23897,1
EZYV21906,0
EZYV8685,1
EZYV22517,0
EZYV10421,1
EZYV9543,1
EZYV21028,0
EZYV11661,1
EZYV12964,1
EZYV6232,1
EZYV20304,1
EZYV8505,1
EZYV3031,1
EZYV20428,1
EZYV2586,1
EZYV15657,0
EZYV5952,1
EZYV9358,1
EZYV11013,1
EZYV22596,1
EZYV499,0
EZYV19474,0
EZYV25074,1
EZYV4815,1
EZYV19988,0
EZYV15664,1
EZYV13942,1
EZYV370,1
EZYV5661,1
EZYV5053,0
EZYV2599,1
EZYV5482,1
EZYV9066,1
EZYV17402,0
EZYV21280,0
EZYV25097,1
EZYV20512,1
EZYV18965,1
EZYV6787,1
EZYV15795,1
EZYV4627,1
EZYV17286,1
EZYV22940,0
EZYV22866,1
EZYV18160,1
EZYV14345,1
EZYV938,0
EZYV6999,1
EZYV4731,1
EZYV25242,1
EZYV18945,1
EZYV18072,1
EZYV17328,1
EZYV16144,1
EZYV7653,1
EZYV23184,1
EZYV4712,1
EZYV22116,1
EZYV1140,1
EZYV12880,1
EZYV702,1
EZYV15139,1
EZYV14759,1
EZYV15571,1
EZYV25233,1
EZYV20240,1
EZYV22690,1
EZYV11563,1
EZYV8610,1
EZYV11542,1
EZYV7624,1
EZYV9789,1
EZYV19696,1
EZYV18967,1
EZYV15069,1
EZYV4381,1
EZYV21000,1
EZYV16572,1
EZYV13727,1
EZYV2694,1
EZYV530,0
EZYV24575,1
EZYV3864,1
EZYV1823,1
EZYV9772,1
EZYV14533,1
EZYV24473,1
EZYV18577,1
EZYV22099,1
EZYV8377,0
EZYV19876,0
EZYV22735,1
EZYV12239,1
EZYV23873,1
EZYV13459,1
EZYV2740,1
EZYV3032,1
EZYV3451,1
EZYV9372,1
EZYV1858,1
EZYV15309,1
EZYV680,0
EZYV813,0
EZYV4214,1
EZYV21743,1
EZYV8149,1
EZYV9863,1
EZYV16967,1
EZYV3134,1
EZYV8556,1
EZYV18215,1
EZYV510,1
EZYV31,1
EZYV24503,0
EZYV12960,1
EZYV15380,0
EZYV5549,1
EZYV4117,0
EZYV4507,1
EZYV24097,1
EZYV17192,0
EZYV14737,1
EZYV1264,1
EZYV89,0
EZYV9124,1
EZYV8417,1
EZYV758,1
EZYV12387,1
EZYV16317,1
EZYV7719,1
EZYV5721,0
EZYV17618,1
EZYV11176,0
EZYV3379,1
EZYV5671,1
EZYV11245,1
EZYV10415,1
EZYV22941,0
EZYV20243,1
EZYV479,1
EZYV783,1
EZYV3037,1
EZYV24883,1
EZYV5642,1
EZYV19957,1
EZYV3704,1
EZYV5188,1
EZYV8065,1
EZYV8729,1
EZYV14723,0
EZYV12364,1
EZYV4510,0
EZYV9154,1
EZYV15958,0
EZYV808,1
EZYV23110,1
EZYV19041,1
EZYV48,1
EZYV24025,1
EZYV13580,1
EZYV10464,1
EZYV14611,1
EZYV24103,1
EZYV6804,0
EZYV17733,1
EZYV16176,1
EZYV10631,1
EZYV19450,1
EZYV16019,1
EZYV16517,1
EZYV9447,0
EZYV19568,1
EZYV6772,0
EZYV9878,1
EZYV6081,1
EZYV18359,1
EZYV16860,0
EZYV2242,1
EZYV14460,0
EZYV3060,1
EZYV17057,1
EZYV3289,1
EZYV21515,0
EZYV17036,1
EZYV12999,1
EZYV18517,0
EZYV2645,1
EZYV15806,0
EZYV25009,1
EZYV25002,1
EZYV6996,1
EZYV3480,1
EZYV793,1
EZYV18360,0
EZYV20611,1
EZYV6679,1
EZYV1376,1
EZYV1802,1
EZYV4852,1
EZYV577,1
EZYV18269,1
EZYV8143,0
EZYV5198,1
EZYV19253,1
EZYV20039,1
EZYV24277,1
EZYV24651,0
EZYV15497,1
EZYV4715,1
EZYV2022,0
EZYV10640,1
EZYV24925,1
EZYV12806,1
EZYV22231,0
EZYV18640,1
EZYV7278,1
EZYV9873,1
EZYV15714,1
EZYV14266,1
EZYV3884,0
EZYV2760,1
EZYV16971,0
EZYV14037,1
EZYV5740,0
EZYV15335,1
EZYV15563,1
EZYV22436,0
EZYV7845,1
EZYV2713,1
EZYV12495,1
EZYV20854,0
EZYV3017,1
EZYV12335,1
EZYV14224,1
EZYV23735,1
EZYV13956,1
EZYV1697,1
EZYV4889,1
EZYV4527,1
EZYV24967,1
EZYV20870,1
EZYV25379,1
EZYV20578,1
EZYV8054,1
EZYV7564,1
EZYV7531,0
EZYV19043,1
EZYV1664,1
EZYV14870,0
EZYV2091,1
EZYV20312,1
EZYV18950,1
EZYV10300,1
EZYV11728,1
EZYV21316,1
EZYV19505,1
EZYV22569,1
EZYV23375,1
EZYV14491,1
EZYV22802,1
EZYV18279,1
EZYV17633,1
EZYV10637,1
EZYV24064,1
EZYV5500,1
EZYV15963,1
EZYV7018,0
EZYV1621,1
EZYV7526,1
EZYV16460,1
EZYV2109,1
EZYV5157,1
EZYV8718,0
EZYV3476,1
EZYV5182,1
EZYV10431,1
EZYV12089,0
EZYV3700,1
EZYV15160,1
EZYV13851,1
EZYV10199,0
EZYV63,0
EZYV14520,1
EZYV1488,1
EZYV5996,1
EZYV2458,0
EZYV19653,0
EZYV13127,1
EZYV24458,1
EZYV5782,1
EZYV12240,1
EZYV22467,1
EZYV19589,1
EZYV15264,1
EZYV1238,1
EZYV10991,1
EZYV7069,0
EZYV16196,1
EZYV21376,0
EZYV13087,1
EZYV3315,0
EZYV8371,1
EZYV9131,1
EZYV11487,1
EZYV15812,1
EZYV9600,1
EZYV10600,1
EZYV15273,0
EZYV17785,1
EZYV13811,1
EZYV9150,1
EZYV8053,1
EZYV20942,1
EZYV4103,1
EZYV1311,1
EZYV1680,1
EZYV7993,1
EZYV17753,1
EZYV18827,1
EZYV25219,0
EZYV13270,1
EZYV24836,1
EZYV5246,1
EZYV14869,1
EZYV25295,1
EZYV649,1
EZYV10392,1
EZYV7006,1
EZYV9097,0
EZYV4851,0
EZYV21143,0
EZYV22790,1
EZYV12444,1
EZYV18754,1
EZYV24147,1
EZYV21160,1
EZYV21068,1
EZYV13299,0
EZYV22933,1
EZYV23927,1
EZYV6714,1
EZYV5312,0
EZYV18844,1
EZYV11607,0
EZYV5781,0
EZYV25288,0
EZYV13072,1
EZYV16255,0
EZYV6538,1
EZYV12449,1
EZYV21004,1
EZYV4324,0
EZYV5891,0
EZYV13259,1
EZYV2742,1
EZYV21851,1
EZYV13055,1
EZYV14236,1
EZYV9894,1
EZYV22836,1
EZYV20751,1
EZYV20937,1
EZYV9679,0
EZYV9476,1
EZYV8001,0
EZYV19050,1
EZYV23658,1
EZYV22168,1
EZYV14594,1
EZYV17009,1
EZYV17527,1
EZYV19676,1
EZYV666,1
EZYV20188,1
EZYV16266,1
EZYV656,1
EZYV493,0
EZYV18858,1
EZYV22676,1
EZYV21519,0
EZYV25207,1
EZYV21635,0
EZYV5301,1
EZYV5831,0
EZYV6021,1
EZYV17815,1
EZYV12226,1
EZYV390,1
EZYV14975,1
EZYV18910,1
EZYV14001,1
EZYV16823,1
EZYV16924,1
EZYV11655,1
EZYV744,1
EZYV6583,0
EZYV23461,1
EZYV16668,0
EZYV4979,1
EZYV23478,1
EZYV7708,1
EZYV17385,1
EZYV4666,1
EZYV1438,1
EZYV22769,1
EZYV3310,0
EZYV24885,1
EZYV1522,1
EZYV17673,0
EZYV8280,0
EZYV19461,1
EZYV13204,1
EZYV670,0
EZYV13869,1
EZYV21147,1
EZYV3859,1
EZYV23632,1
EZYV9259,1
EZYV2615,1
EZYV1020,1
EZYV14125,1
EZYV23074,1
EZYV21024,1
EZYV10071,0
EZYV1916,1
EZYV24008,1
EZYV8064,0
EZYV7460,1
EZYV17841,1
EZYV14024,1
EZYV19210,1
EZYV10737,0
EZYV11188,1
EZYV20048,0
EZYV11679,1
EZYV10366,1
EZYV11426,0
EZYV24584,1
EZYV13057,1
EZYV18046,1
EZYV5369,1
EZYV3837,1
EZYV13046,1
EZYV5862,1
EZYV20222,1
EZYV19586,1
EZYV8744,1
EZYV6188,0
EZYV16408,1
EZYV15148,1
EZYV9938,1
EZYV4560,1
EZYV4449,0
EZYV8489,1
EZYV6556,0
EZYV2766,1
EZYV19046,1
EZYV3842,1
EZYV4329,1
EZYV24613,1
EZYV15510,1
EZYV8008,1
EZYV12920,0
EZYV9222,0
EZYV7542,1
EZYV16853,1
EZYV8119,1
EZYV15506,0
EZYV328,1
EZYV13460,1
EZYV7192,1
EZYV21275,1
EZYV12005,0
EZYV19249,0
EZYV10137,1
EZYV8122,1
EZYV13088,1
EZYV14959,0
EZYV18031,1
EZYV15550,1
EZYV17236,1
EZYV6610,0
EZYV13537,1
EZYV12968,1
EZYV885,1
EZYV2737,0
EZYV691,0
EZYV1944,1
EZYV2477,0
EZYV4589,1
EZYV9785,1
EZYV13071,1
EZYV13551,1
EZYV22928,1
EZYV11752,1
EZYV10058,1
EZYV21849,1
EZYV17717,1
EZYV2197,1
EZYV7273,1
EZYV3640,1
EZYV18136,1
EZYV3531,1
EZYV5447,0
EZYV8478,1
EZYV7338,1
EZYV75,1
EZYV6653,1
EZYV11602,1
EZYV23811,0
EZYV4459,1
EZYV19288,1
EZYV19251,0
EZYV14287,1
EZYV25466,0
EZYV6354,0
EZYV10678,1
EZYV8939,0
EZYV8066,1
EZYV22540,1
EZYV18018,0
EZYV24409,1
EZYV3828,1
EZYV12174,1
EZYV21134,1
EZYV6886,1
EZYV5780,1
EZYV12844,1
EZYV16840,1
EZYV15858,1
EZYV7318,1
EZYV8557,1
EZYV5421,1
EZYV1409,1
EZYV14732,1
EZYV1261,1
EZYV566,1
EZYV8418,1
EZYV23874,0
EZYV22032,1
EZYV18314,0
EZYV3896,0
EZYV12135,1
EZYV12831,1
EZYV21669,1
EZYV12505,1
EZYV721,1
EZYV18690,0
EZYV22708,1
EZYV14222,0
EZYV16570,1
EZYV16258,1
EZYV14434,1
EZYV15575,1
EZYV7089,0
EZYV12001,1
EZYV9450,1
EZYV7787,1
EZYV24661,0
EZYV1518,1
EZYV6859,0
EZYV10399,1
EZYV18023,1
EZYV18912,1
EZYV15246,1
EZYV8766,0
EZYV20135,1
EZYV25266,1
EZYV23185,1
EZYV14814,1
EZYV24329,1
EZYV8073,1
EZYV2813,1
EZYV21928,1
EZYV4345,1
EZYV15312,0
EZYV20071,1
EZYV3125,0
EZYV6374,0
EZYV9089,1
EZYV20570,0
EZYV7268,1
EZYV19385,1
EZYV19294,1
EZYV20081,1
EZYV3142,1
EZYV18253,0
EZYV14162,1
EZYV22359,1
EZYV21826,0
EZYV12671,1
EZYV21397,1
EZYV11555,0
EZYV14009,1
EZYV17787,0
EZYV19475,1
EZYV16785,1
EZYV13766,1
EZYV21118,1
EZYV21475,1
EZYV16018,1
EZYV4377,0
EZYV1883,1
EZYV12721,1
EZYV22902,1
EZYV8582,1
EZYV102,1
EZYV19799,0
EZYV13967,1
EZYV17410,1
EZYV18723,0
EZYV10866,1
EZYV3745,0
EZYV1016,1
EZYV19807,1
EZYV13959,1
EZYV3445,1
EZYV23492,1
EZYV17121,1
EZYV22062,1
EZYV17071,1
EZYV16970,1
EZYV3053,1
EZYV16174,0
EZYV19009,1
EZYV8063,1
EZYV5446,1
EZYV24141,0
EZYV12959,1
EZYV22714,0
EZYV15716,0
EZYV22464,1
EZYV12633,1
EZYV22660,1
EZYV3099,1
EZYV23271,1
EZYV7896,0
EZYV11583,1
EZYV492,0
EZYV1160,1
EZYV15429,1
EZYV22621,1
EZYV4460,1
EZYV5655,1
EZYV22784,1
EZYV9277,1
EZYV9093,1
EZYV13323,0
EZYV24928,0
EZYV2156,1
EZYV19462,1
EZYV15028,1
EZYV13114,1
EZYV16812,1
EZYV145,1
EZYV22633,0
EZYV490,1
EZYV6856,1
EZYV14591,1
EZYV24377,1
EZYV10343,0
EZYV11486,1
EZYV15932,1
EZYV15526,1
EZYV578,1
EZYV13281,1
EZYV24095,1
EZYV14808,1
EZYV17028,1
EZYV6819,1
EZYV20811,1
EZYV3910,0
EZYV16471,1
EZYV4309,1
EZYV19757,1
EZYV13435,1
EZYV23552,1
EZYV4073,1
EZYV13687,0
EZYV18628,1
EZYV18003,1
EZYV9477,1
EZYV7395,1
EZYV13624,1
EZYV5942,0
EZYV12871,1
EZYV22555,1
EZYV15455,1
EZYV455,1
EZYV2648,1
EZYV8181,1
EZYV14978,1
EZYV6311,0
EZYV18401,1
EZYV24287,1
EZYV4494,1
EZYV16216,1
EZYV24341,1
EZYV19981,1
EZYV23597,1
EZYV970,1
EZYV21345,0
EZYV18190,1
EZYV6676,1
EZYV11453,1
EZYV15381,1
EZYV8922,1
EZYV21858,1
EZYV10521,1
EZYV4868,0
EZYV13031,0
EZYV6292,0
EZYV4981,1
EZYV13174,1
EZYV11126,1
EZYV4076,1
EZYV943,0
EZYV5123,1
EZYV18897,1
EZYV7493,1
EZYV15988,1
EZYV21899,1
EZYV3814,1
EZYV10605,1
EZYV14600,1
EZYV20520,1
EZYV6358,0
EZYV17555,1
EZYV20068,0
EZYV14796,1
EZYV21756,1
EZYV15026,1
EZYV18187,1
EZYV17866,1
EZYV1791,0
EZYV22497,0
EZYV22159,1
EZYV11526,0
EZYV4825,1
EZYV22611,0
EZYV24080,1
EZYV6918,1
EZYV14376,1
EZYV13564,0
EZYV22527,1
EZYV15458,0
EZYV4328,1
EZYV9059,1
EZYV8559,1
EZYV3463,1
EZYV19501,0
EZYV5151,0
EZYV7523,1
EZYV16015,1
EZYV23438,1
EZYV9642,1
EZYV20875,0
EZYV21805,1
EZYV21156,1
EZYV19736,1
EZYV4172,1
EZYV4552,0
EZYV15454,0
EZYV19895,1
EZYV11509,1
EZYV24011,1
EZYV5173,1
EZYV23885,1
EZYV5949,1
EZYV9744,1
EZYV9975,1
EZYV15216,1
EZYV12867,0
EZYV18451,1
EZYV25230,0
EZYV5000,1
EZYV3329,1
EZYV1328,0
EZYV1017,1
EZYV21850,1
EZYV1442,1
EZYV6619,0
EZYV18081,1
EZYV12200,1
EZYV2964,1
EZYV3207,0
EZYV19594,1
EZYV9507,1
EZYV21698,0
EZYV15031,1
EZYV2188,1
EZYV17950,0
EZYV13274,0
EZYV15721,0
EZYV15156,1
EZYV184,1
EZYV8797,0
EZYV15065,1
EZYV11427,1
EZYV21987,1
EZYV13263,1
EZYV1277,1
EZYV5398,1
EZYV3210,1
EZYV12238,1
EZYV22307,1
EZYV6580,1
EZYV19224,1
EZYV18133,1
EZYV24218,1
EZYV7434,1
EZYV14168,1
EZYV18833,1
EZYV6111,1
EZYV15991,1
EZYV2879,1
EZYV24237,1
EZYV18217,0
EZYV15766,1
EZYV12282,1
EZYV7827,1
EZYV17805,1
EZYV11859,0
EZYV20337,0
EZYV7870,1
EZYV6512,1
EZYV17042,1
EZYV9702,1
EZYV8164,1
EZYV8789,1
EZYV23558,0
EZYV22567,1
EZYV20437,1
EZYV5212,1
EZYV17466,1
EZYV17161,0
EZYV16882,1
EZYV325,1
EZYV12034,1
EZYV20973,1
EZYV20233,1
EZYV16919,0
EZYV5632,1
EZYV13978,1
EZYV5147,1
EZYV8210,1
EZYV6391,1
EZYV348,0
EZYV3095,1
EZYV8373,1
EZYV5843,1
EZYV13129,1
EZYV4011,1
EZYV5562,0
EZYV5085,1
EZYV9438,1
EZYV22777,1
EZYV11275,1
EZYV21820,1
EZYV16004,1
EZYV8720,1
EZYV17610,0
EZYV19694,0
EZYV21962,1
EZYV2658,1
EZYV9839,1
EZYV1825,1
EZYV8959,1
EZYV21137,0
EZYV17645,1
EZYV16972,0
EZYV6006,1
EZYV11365,1
EZYV10423,1
EZYV21494,0
EZYV19894,1
EZYV2936,1
EZYV16843,1
EZYV10226,1
EZYV25277,1
EZYV18067,1
EZYV12298,1
EZYV2200,1
EZYV17718,1
EZYV13884,1
EZYV18125,0
EZYV21378,1
EZYV2533,1
EZYV10277,1
EZYV14063,1
EZYV3264,1
EZYV2115,1
EZYV15228,1
EZYV11816,1
EZYV10458,1
EZYV19748,0
EZYV15987,0
EZYV7628,1
EZYV3904,1
EZYV22343,0
EZYV15331,1
EZYV15867,1
EZYV6164,1
EZYV17433,0
EZYV6331,0
EZYV10061,0
EZYV15038,1
EZYV10850,1
EZYV3046,1
EZYV7470,1
EZYV153,1
EZYV8844,1
EZYV22805,1
EZYV14213,1
EZYV18434,1
EZYV2691,1
EZYV24930,1
EZYV24408,0
EZYV14578,1
EZYV3517,1
EZYV16458,1
EZYV22820,1
EZYV18121,1
EZYV17858,1
EZYV19106,1
EZYV3634,1
EZYV19828,1
EZYV12652,0
EZYV7153,0
EZYV21818,1
EZYV6154,1
EZYV6807,1
EZYV22927,0
EZYV9876,1
EZYV3969,1
EZYV14619,1
EZYV22171,1
EZYV13906,1
EZYV23670,1
EZYV12589,1
EZYV11669,1
EZYV7953,1
EZYV23339,0
EZYV9661,0
EZYV3845,1
EZYV8215,1
EZYV1540,0
EZYV23733,1
EZYV1025,1
EZYV6352,1
EZYV11633,1
EZYV24436,1
EZYV16110,0
EZYV11160,1
EZYV295,1
EZYV1838,1
EZYV2353,1
EZYV10767,1
EZYV20956,1
EZYV19135,1
EZYV18028,1
EZYV3057,1
EZYV19037,1
EZYV12976,1
EZYV19904,0
EZYV1155,1
EZYV1358,1
EZYV6975,0
EZYV13594,1
EZYV14011,1
EZYV3367,1
EZYV16782,1
EZYV11151,1
EZYV10197,1
EZYV9633,0
EZYV1691,1
EZYV12648,1
EZYV7676,1
EZYV425,1
EZYV24182,0
EZYV1602,1
EZYV9005,0
EZYV17357,1
EZYV9629,1
EZYV16067,0
EZYV3876,1
EZYV16513,1
EZYV911,1
EZYV1646,0
EZYV19090,1
EZYV23002,0
EZYV5362,0
EZYV14395,1
EZYV18964,1
EZYV23201,1
EZYV9949,1
EZYV16955,1
EZYV7024,0
EZYV17349,1
EZYV77,1
EZYV1193,1
EZYV307,1
EZYV19563,0
EZYV17147,0
EZYV18313,1
EZYV9609,1
EZYV5574,1
EZYV4976,1
EZYV18317,1
EZYV9498,1
EZYV15270,1
EZYV9391,1
EZYV8837,1
EZYV18354,0
EZYV5892,1
EZYV19693,1
EZYV18991,0
EZYV6047,1
EZYV16083,1
EZYV22146,1
EZYV19410,1
EZYV15629,0
EZYV23830,1
EZYV16991,1
EZYV16794,1
EZYV2118,1
EZYV5990,1
EZYV787,1
EZYV12598,0
EZYV7646,1
EZYV1758,1
EZYV2027,0
EZYV491,1
EZYV11206,0
EZYV13834,1
EZYV10295,1
EZYV1050,1
EZYV8677,1
EZYV15050,0
EZYV20244,1
EZYV24939,1
EZYV20594,1
EZYV15573,1
EZYV17167,1
EZYV16949,1
EZYV1330,0
EZYV18092,0
EZYV7657,1
EZYV11482,1
EZYV4644,1
EZYV11503,1
EZYV13042,1
EZYV25177,1
EZYV9692,1
EZYV24778,1
EZYV2520,1
EZYV23853,0
EZYV9460,1
EZYV23085,1
EZYV21801,1
EZYV21690,1
EZYV8070,1
EZYV15067,1
EZYV13125,1
EZYV13451,1
EZYV2470,1
EZYV21176,0
EZYV11976,0
EZYV18655,0
EZYV6243,1
EZYV23624,1
EZYV5575,1
EZYV18738,1
EZYV11406,1
EZYV25321,1
EZYV18430,1
EZYV19583,1
EZYV13808,1
EZYV754,1
EZYV19947,0
EZYV20823,1
EZYV19706,0
EZYV755,1
EZYV19015,0
EZYV9452,1
EZYV22625,0
EZYV1182,1
EZYV5116,0
EZYV9354,1
EZYV11720,1
EZYV3958,1
EZYV13412,1
EZYV10967,1
EZYV24898,0
EZYV3096,1
EZYV5937,1
EZYV14592,1
EZYV21282,1
EZYV16799,1
EZYV12236,0
EZYV24580,1
EZYV16403,1
EZYV11517,1
EZYV4286,1
EZYV858,1
EZYV2144,1
EZYV6406,1
EZYV6034,1
EZYV6239,1
EZYV20218,1
EZYV7166,1
EZYV19323,1
EZYV14017,1
EZYV11039,1
EZYV9638,1
EZYV8945,1
EZYV21960,1
EZYV15037,1
EZYV18458,1
EZYV22508,1
EZYV5293,1
EZYV556,1
EZYV18185,1
EZYV15377,1
EZYV13181,1
EZYV21882,1
EZYV13395,1
EZYV14826,1
EZYV22578,1
EZYV17,1
EZYV19355,1
EZYV5753,1
EZYV9234,0
EZYV18528,0
EZYV2152,1
EZYV3839,1
EZYV8497,1
EZYV1775,1
EZYV7632,1
EZYV9724,1
EZYV13667,1
EZYV17764,1
EZYV13695,0
EZYV17093,1
EZYV21100,1
EZYV25241,1
EZYV21429,1
EZYV16770,1
EZYV2768,1
EZYV14743,1
EZYV24854,1
EZYV3929,0
EZYV24438,1
EZYV11037,1
EZYV8770,1
EZYV11272,0
EZYV20646,0
EZYV16155,1
EZYV2011,0
EZYV5530,1
EZYV14665,1
EZYV12613,1
EZYV19564,0
EZYV24981,1
EZYV20596,1
EZYV19730,1
EZYV4694,1
EZYV19526,1
EZYV2119,1
EZYV12618,1
EZYV9837,1
EZYV13566,1
EZYV17224,1
EZYV22640,1
EZYV14422,1
EZYV24969,1
EZYV20167,1
EZYV8183,1
EZYV1954,1
EZYV9859,1
EZYV11410,0
EZYV1556,1
EZYV13661,1
EZYV18750,1
EZYV14661,0
EZYV20419,0
EZYV6262,1
EZYV12097,1
EZYV18531,1
EZYV10365,1
EZYV9831,1
EZYV10983,1
EZYV24572,1
EZYV10717,1
EZYV22042,1
EZYV2328,1
EZYV7271,1
EZYV14070,1
EZYV20017,1
EZYV24520,1
EZYV14666,1
EZYV5377,1
EZYV16786,0
EZYV13394,1
EZYV18066,1
EZYV9320,1
EZYV20416,1
EZYV21680,0
EZYV24629,1
EZYV18870,1
EZYV8645,0
EZYV24156,1
EZYV9232,1
EZYV18994,1
EZYV14074,1
EZYV8555,0
EZYV3882,1
EZYV1925,1
EZYV25430,0
EZYV7224,1
EZYV11648,1
EZYV19282,0
EZYV18453,1
EZYV7766,1
EZYV24897,1
EZYV21217,0
EZYV17054,1
EZYV21857,1
EZYV2955,1
EZYV4630,1
EZYV9712,1
EZYV21559,1
EZYV11561,1
EZYV3092,0
EZYV3384,1
EZYV5621,0
EZYV12378,0
EZYV22868,1
EZYV15406,1
EZYV10151,0
EZYV6550,1
EZYV9817,1
EZYV15513,1
EZYV12155,0
EZYV2216,0
EZYV24748,0
EZYV9092,0
EZYV14095,0
EZYV6894,1
EZYV11033,0
EZYV1516,1
EZYV8488,0
EZYV7009,1
EZYV17083,1
EZYV14651,1
EZYV11303,0
EZYV13426,1
EZYV20202,1
EZYV5064,1
EZYV24140,0
EZYV2679,1
EZYV25334,0
EZYV15643,1
EZYV15016,1
EZYV16600,1
EZYV22397,0
EZYV22178,1
EZYV5269,1
EZYV2344,1
EZYV16378,1
EZYV21974,1
EZYV22304,0
EZYV10073,1
EZYV9704,0
EZYV20163,1
EZYV16451,1
EZYV3138,1
EZYV24972,0
EZYV15112,0
EZYV23989,1
EZYV16346,1
EZYV11141,1
EZYV25391,1
EZYV25214,1
EZYV388,1
EZYV11569,1
EZYV22526,1
EZYV14503,1
EZYV8911,1
EZYV10830,0
EZYV840,0
EZYV23833,1
EZYV134,1
EZYV19585,1
EZYV16846,1
EZYV23304,1
EZYV9576,1
EZYV2404,1
EZYV23436,1
EZYV19832,1
EZYV14865,0
EZYV22728,0
EZYV22173,1
EZYV18051,1
EZYV10711,0
EZYV10990,1
EZYV2803,1
EZYV16417,1
EZYV19882,1
EZYV23770,0
EZYV17233,1
EZYV6677,1
EZYV10577,1
EZYV6107,1
EZYV8485,0
EZYV9936,1
EZYV2264,1
EZYV6719,1
EZYV6278,0
EZYV12252,1
EZYV12144,0
EZYV5109,1
EZYV790,0
EZYV11717,1
EZYV13284,1
EZYV18972,1
EZYV17948,1
EZYV16920,1
EZYV9347,1
EZYV13013,1
EZYV10430,1
EZYV17174,0
EZYV25085,1
EZYV8860,0
EZYV17108,0
EZYV20168,1
EZYV4487,1
EZYV17751,1
EZYV5243,1
EZYV19542,1
EZYV2019,1
EZYV9224,1
EZYV4387,1
EZYV24126,1
EZYV7377,1
EZYV19626,1
EZYV20701,0
EZYV6646,1
EZYV24236,1
EZYV18206,0
EZYV4669,1
EZYV13558,1
EZYV2557,1
EZYV10579,1
EZYV1828,1
EZYV4608,1
EZYV15970,1
EZYV170,0
EZYV259,1
EZYV3972,1
EZYV1785,1
EZYV24452,1
EZYV9538,1
EZYV1374,1
EZYV1068,1
EZYV10449,1
EZYV18161,1
EZYV7407,1
EZYV5972,1
EZYV7267,1
EZYV10317,1
EZYV10720,1
EZYV9412,1
EZYV19679,1
EZYV17966,0
EZYV2926,1
EZYV24061,0
EZYV24960,1
EZYV2359,0
EZYV1618,0
EZYV19418,1
EZYV9656,1
EZYV16493,1
EZYV19533,0
EZYV8370,1
EZYV13261,1
EZYV7810,1
EZYV20494,1
EZYV7429,1
EZYV8522,1
EZYV16695,1
EZYV24689,1
EZYV11940,1
EZYV22327,1
EZYV14249,1
EZYV18296,1
EZYV18449,1
EZYV14220,1
EZYV3604,0
EZYV2998,1
EZYV1710,0
EZYV5493,1
EZYV9136,1
EZYV22482,1
EZYV25464,0
EZYV16433,1
EZYV15334,1
EZYV17563,1
EZYV19579,0
EZYV10207,1
EZYV11882,1
EZYV14055,0
EZYV10348,1
EZYV2712,1
EZYV12423,1
EZYV3702,1
EZYV23724,1
EZYV24446,0
EZYV16326,1
EZYV7005,1
EZYV25245,1
EZYV9827,0
EZYV3078,1
EZYV23726,1
EZYV14498,1
EZYV6263,1
EZYV12689,1
EZYV6087,1
EZYV14260,1
EZYV497,1
EZYV13239,0
EZYV15852,1
EZYV3492,0
EZYV2124,1
EZYV25314,1
EZYV12603,0
EZYV15282,1
EZYV3729,0
EZYV19252,0
EZYV13818,1
EZYV21562,0
EZYV2071,0
EZYV24770,1
EZYV15985,1
EZYV9898,1
EZYV15146,1
EZYV19503,1
EZYV16779,1
EZYV24771,1
EZYV13038,1
EZYV21407,1
EZYV13873,1
EZYV19861,0
EZYV15883,1
EZYV1286,1
EZYV851,0
EZYV7814,1
EZYV5380,1
EZYV22081,1
EZYV2332,1
EZYV11164,1
EZYV22016,1
EZYV11285,1
EZYV5272,1
EZYV10267,1
EZYV15386,1
EZYV5342,1
EZYV19482,0
EZYV4985,1
EZYV23685,0
EZYV15960,1
EZYV1576,0
EZYV22053,1
EZYV25265,1
EZYV17871,0
EZYV15071,0
EZYV13240,1
EZYV10882,1
EZYV17102,1
EZYV22249,1
EZYV19774,0
EZYV10077,1
EZYV12755,0
EZYV13336,0
EZYV18552,1
EZYV22167,1
EZYV1019,1
EZYV4667,1
EZYV1642,1
EZYV1868,1
EZYV4031,1
EZYV6473,1
EZYV18632,1
EZYV3724,0
EZYV24590,1
EZYV15686,0
EZYV7759,1
EZYV4512,1
EZYV10335,0
EZYV16988,1
EZYV14316,1
EZYV6661,1
EZYV15771,1
EZYV15554,1
EZYV24982,1
EZYV6377,1
EZYV19590,1
EZYV4026,0
EZYV11242,1
EZYV9596,1
EZYV6678,1
EZYV21112,1
EZYV19522,0
EZYV16393,1
EZYV24612,1
EZYV6392,1
EZYV17407,1
EZYV6620,1
EZYV22332,1
EZYV716,1
EZYV23719,1
EZYV20104,1
EZYV1416,0
EZYV22862,1
EZYV4461,1
EZYV1323,1
EZYV10161,1
EZYV21612,1
EZYV7008,0
EZYV5808,0
EZYV17288,1
EZYV2527,1
EZYV24625,1
EZYV25283,1
EZYV2752,1
EZYV6798,0
EZYV12355,1
EZYV10515,0
EZYV23906,1
EZYV18819,1
EZYV8576,1
EZYV5417,0
EZYV17731,0
EZYV10064,1
EZYV12184,1
EZYV3887,1
EZYV8838,1
EZYV17594,1
EZYV14372,1
EZYV3421,1
EZYV20920,1
EZYV3583,1
EZYV15800,0
EZYV25377,1
EZYV15363,1
EZYV12624,1
EZYV11105,1
EZYV13878,1
EZYV2177,0
EZYV12232,1
EZYV11783,1
EZYV1989,1
EZYV20822,1
EZYV12742,1
EZYV7189,1
EZYV1388,1
EZYV12022,1
EZYV5590,1
EZYV2861,1
EZYV3007,0
EZYV3368,1
EZYV22005,1
EZYV9495,0
EZYV20990,1
EZYV7838,1
EZYV10486,1
EZYV20171,0
EZYV20564,1
EZYV3871,1
EZYV19898,1
EZYV9395,1
EZYV5091,0
EZYV8436,1
EZYV17659,1
EZYV17745,0
EZYV7769,1
EZYV13487,1
EZYV734,1
EZYV14091,1
EZYV1598,1
EZYV8656,1
EZYV2473,1
EZYV22155,1
EZYV4213,0
EZYV13238,1
EZYV19907,0
EZYV576,1
EZYV1804,1
EZYV13543,1
EZYV17903,1
